rank,start_s,end_s,duration_s,similarity
1,512.74,512.785,0.045,0.9453
2,899.585,899.63,0.045,0.9444
3,888.56,888.6,0.04,0.9429
4,648.74,648.785,0.045,0.942
5,569.455,569.5,0.045,0.9417
6,631.21,631.255,0.045,0.941
7,545.905,545.95,0.045,0.9406
8,106.815,106.86,0.045,0.9386
9,249.615,249.66,0.045,0.9379
10,237.875,237.9,0.025,0.9377
11,283.875,283.92,0.045,0.9374
12,668.485,668.53,0.045,0.9366
13,242.43,242.475,0.045,0.9364
14,245.265,245.31,0.045,0.9361
15,99.17,99.215,0.045,0.9359
16,0.545,0.57,0.025,0.9347
17,899.325,899.37,0.045,0.9344
18,687.98,688.025,0.045,0.9341
19,657.51,657.555,0.045,0.9341
20,738.27,738.315,0.045,0.934
21,700.53,700.575,0.045,0.9336
22,531.35,531.395,0.045,0.9336
23,46.215,46.26,0.045,0.9332
24,692.235,692.28,0.045,0.933
25,95.285,95.325,0.04,0.9329
26,679.885,679.93,0.045,0.9328
27,525.9,525.945,0.045,0.9327
28,516.375,516.42,0.045,0.9326
29,914.27,914.315,0.045,0.9326
30,158.875,158.92,0.045,0.9326
31,720.235,720.28,0.045,0.9324
32,506.005,506.05,0.045,0.9323
33,507.345,507.39,0.045,0.9321
34,173.5,173.545,0.045,0.9319
35,91.505,91.55,0.045,0.9316
36,127.36,127.405,0.045,0.9316
37,150.385,150.43,0.045,0.9316
38,894.99,895.015,0.025,0.9316
39,937.68,937.705,0.025,0.9314
40,646.56,646.605,0.045,0.931
41,660.84,660.885,0.045,0.9309
42,548.74,548.785,0.045,0.9307
43,54.955,55.0,0.045,0.9307
44,399.41,399.455,0.045,0.9306
45,592.105,592.15,0.045,0.9306
46,140.715,140.76,0.045,0.9305
47,141.035,141.08,0.045,0.9303
48,245.085,245.13,0.045,0.93
49,637.485,637.53,0.045,0.9299
50,540.095,540.14,0.045,0.9298
51,714.61,714.645,0.035,0.9297
52,657.04,657.08,0.04,0.9295
53,86.07,86.115,0.045,0.9295
54,588.835,588.875,0.04,0.9294
55,0.775,0.79,0.015,0.9292
56,26.01,26.055,0.045,0.9292
57,110.95,110.995,0.045,0.9292
58,631.87,631.915,0.045,0.929
59,65.25,65.295,0.045,0.9289
60,503.225,503.27,0.045,0.9288
61,923.64,923.665,0.025,0.9288
62,713.94,713.985,0.045,0.9288
63,592.52,592.58,0.06,0.9287
64,928.355,928.4,0.045,0.9285
65,59.175,59.22,0.045,0.9284
66,696.21,696.255,0.045,0.9282
67,591.665,591.71,0.045,0.928
68,487.04,487.07,0.03,0.928
69,249.74,249.77,0.03,0.928
70,253.89,253.935,0.045,0.9279
71,101.66,101.705,0.045,0.9279
72,174.27,174.315,0.045,0.9276
73,88.985,89.03,0.045,0.9275
74,919.525,919.57,0.045,0.9275
75,81.18,81.225,0.045,0.9274
76,181.87,181.915,0.045,0.9273
77,518.36,518.405,0.045,0.9273
78,656.61,656.655,0.045,0.9272
79,259.28,259.325,0.045,0.9272
80,228.46,228.505,0.045,0.9271
81,1157.985,1158.025,0.04,0.9271
82,591.265,591.305,0.04,0.927
83,284.45,284.465,0.015,0.927
84,685.42,685.445,0.025,0.927
85,112.31,112.335,0.025,0.9269
86,282.885,282.925,0.04,0.9269
87,655.73,655.775,0.045,0.9268
88,684.92,684.965,0.045,0.9267
89,547.86,547.875,0.015,0.9266
90,985.87,985.915,0.045,0.9264
91,686.98,687.025,0.045,0.9263
92,572.69,572.735,0.045,0.9262
93,724.63,724.675,0.045,0.9262
94,1193.415,1193.445,0.03,0.926
95,917.765,917.81,0.045,0.9259
96,90.845,90.89,0.045,0.9258
97,956.76,956.78,0.02,0.9257
98,261.73,261.75,0.02,0.9257
99,294.66,294.685,0.025,0.9255
100,130.665,130.71,0.045,0.9253
101,511.88,511.905,0.025,0.9253
102,134.71,134.755,0.045,0.9253
103,86.38,86.41,0.03,0.9252
104,927.855,927.9,0.045,0.9252
105,661.82,661.865,0.045,0.9252
106,392.365,392.41,0.045,0.9251
107,29.52,29.55,0.03,0.9251
108,247.6,247.625,0.025,0.925
109,265.9,265.925,0.025,0.925
110,122.235,122.28,0.045,0.9249
111,560.245,560.29,0.045,0.9248
112,104.875,104.92,0.045,0.9248
113,663.735,663.78,0.045,0.9248
114,27.675,27.715,0.04,0.9247
115,125.75,125.815,0.065,0.9247
116,197.635,197.68,0.045,0.9247
117,102.32,102.345,0.025,0.9247
118,485.755,485.775,0.02,0.9247
119,51.475,51.52,0.045,0.9247
120,961.38,961.42,0.04,0.9245
121,533.685,533.71,0.025,0.9244
122,470.09,470.135,0.045,0.9244
123,593.83,593.855,0.025,0.9244
124,589.195,589.255,0.06,0.9243
125,516.615,516.66,0.045,0.9242
126,486.35,486.375,0.025,0.9242
127,514.555,514.6,0.045,0.9241
128,703.405,703.45,0.045,0.9241
129,156.595,156.64,0.045,0.9241
130,499.07,499.115,0.045,0.924
131,510.86,510.905,0.045,0.924
132,514.815,514.86,0.045,0.924
133,505.265,505.31,0.045,0.9239
134,74.1,74.145,0.045,0.9238
135,503.665,503.71,0.045,0.9237
136,1143.225,1143.265,0.04,0.9237
137,960.34,960.385,0.045,0.9236
138,686.48,686.545,0.065,0.9236
139,64.69,64.735,0.045,0.9236
140,56.595,56.64,0.045,0.9235
141,1182.65,1182.695,0.045,0.9234
142,132.02,132.04,0.02,0.9234
143,896.21,896.255,0.045,0.9234
144,714.14,714.165,0.025,0.9233
145,0.3,0.32,0.02,0.9232
146,744.56,744.625,0.065,0.9232
147,779.625,779.69,0.065,0.9231
148,100.86,100.905,0.045,0.9231
149,149.915,149.98,0.065,0.923
150,922.7,922.725,0.025,0.923
151,172.725,172.77,0.045,0.9228
152,81.81,81.835,0.025,0.9227
153,131.145,131.17,0.025,0.9227
154,676.85,676.895,0.045,0.9227
155,629.73,629.755,0.025,0.9227
156,928.455,928.5,0.045,0.9226
157,503.805,503.85,0.045,0.9226
158,660.6,660.645,0.045,0.9225
159,697.03,697.075,0.045,0.9225
160,121.575,121.6,0.025,0.9224
161,236.865,236.91,0.045,0.9222
162,593.37,593.41,0.04,0.9222
163,214.315,214.36,0.045,0.9222
164,94.205,94.23,0.025,0.9222
165,241.62,241.705,0.085,0.9221
166,547.6,547.625,0.025,0.9221
167,174.965,175.005,0.04,0.9218
168,470.91,470.935,0.025,0.9218
169,110.03,110.075,0.045,0.9218
170,531.75,531.795,0.045,0.9217
171,206.655,206.7,0.045,0.9216
172,112.21,112.255,0.045,0.9216
173,489.405,489.425,0.02,0.9214
174,990.06,990.08,0.02,0.9214
175,691.735,691.78,0.045,0.9213
176,655.61,655.655,0.045,0.9213
177,681.965,682.01,0.045,0.9212
178,646.66,646.705,0.045,0.9212
179,1194.77,1194.82,0.05,0.9212
180,650.87,650.88,0.01,0.9211
181,665.77,665.815,0.045,0.9211
182,1157.39,1157.425,0.035,0.9209
183,48.095,48.12,0.025,0.9209
184,87.525,87.55,0.025,0.9206
185,60.415,60.44,0.025,0.9204
186,924.24,924.285,0.045,0.9204
187,82.15,82.195,0.045,0.9204
188,1021.875,1021.92,0.045,0.9202
189,926.935,927.0,0.065,0.9202
190,652.235,652.26,0.025,0.92
191,54.475,54.52,0.045,0.9199
192,691.315,691.38,0.065,0.9199
193,485.085,485.115,0.03,0.9199
194,650.17,650.205,0.035,0.9198
195,654.435,654.475,0.04,0.9198
196,293.155,293.175,0.02,0.9198
197,132.94,132.985,0.045,0.9197
198,895.59,895.615,0.025,0.9196
199,639.845,639.87,0.025,0.9195
200,441.59,441.61,0.02,0.9195
201,157.635,157.66,0.025,0.9195
202,111.37,111.415,0.045,0.9192
203,590.415,590.45,0.035,0.9192
204,106.235,106.28,0.045,0.9191
205,3.645,3.69,0.045,0.9191
206,827.37,827.415,0.045,0.9189
207,983.89,983.935,0.045,0.9189
208,99.26,99.285,0.025,0.9189
209,661.06,661.085,0.025,0.9188
210,1202.5,1202.525,0.025,0.9188
211,656.955,656.975,0.02,0.9188
212,652.095,652.12,0.025,0.9188
213,469.765,469.795,0.03,0.9187
214,710.34,710.365,0.025,0.9187
215,710.66,710.685,0.025,0.9186
216,506.105,506.13,0.025,0.9186
217,916.13,916.175,0.045,0.9186
218,926.815,926.84,0.025,0.9186
219,60.135,60.16,0.025,0.9186
220,133.095,133.155,0.06,0.9186
221,535.975,535.995,0.02,0.9186
222,719.335,719.38,0.045,0.9186
223,116.405,116.435,0.03,0.9185
224,688.3,688.345,0.045,0.9184
225,119.12,119.145,0.025,0.9183
226,543.23,543.245,0.015,0.9183
227,242.59,242.635,0.045,0.9181
228,516.115,516.14,0.025,0.9181
229,1181.35,1181.375,0.025,0.9181
230,635.685,635.73,0.045,0.9181
231,407.09,407.11,0.02,0.9181
232,932.37,932.415,0.045,0.9179
233,154.955,154.98,0.025,0.9178
234,667.805,667.83,0.025,0.9177
235,637.005,637.03,0.025,0.9176
236,511.52,511.545,0.025,0.9176
237,121.475,121.52,0.045,0.9173
238,686.24,686.305,0.065,0.9172
239,890.055,890.08,0.025,0.9172
240,253.75,253.815,0.065,0.9171
241,195.515,195.56,0.045,0.9171
242,120.835,120.86,0.025,0.917
243,172.01,172.05,0.04,0.9169
244,55.135,55.16,0.025,0.9169
245,66.43,66.455,0.025,0.9169
246,663.935,663.96,0.025,0.9169
247,744.44,744.465,0.025,0.9165
248,172.845,172.87,0.025,0.9165
249,639.985,640.03,0.045,0.9165
250,674.755,674.78,0.025,0.9165
251,929.015,929.05,0.035,0.9165
252,175.05,175.095,0.045,0.9163
253,122.695,122.71,0.015,0.9163
254,1193.715,1193.755,0.04,0.9163
255,723.71,723.755,0.045,0.9163
256,189.24,189.285,0.045,0.9163
257,630.45,630.475,0.025,0.9162
258,545.63,545.67,0.04,0.9161
259,477.8,477.82,0.02,0.916
260,97.54,97.565,0.025,0.916
261,57.345,57.38,0.035,0.9159
262,108.355,108.38,0.025,0.9158
263,560.605,560.67,0.065,0.9158
264,542.63,542.675,0.045,0.9157
265,80.815,80.825,0.01,0.9157
266,649.34,649.365,0.025,0.9156
267,1048.645,1048.675,0.03,0.9156
268,590.815,590.88,0.065,0.9156
269,704.285,704.33,0.045,0.9155
270,1118.875,1118.905,0.03,0.9155
271,156.415,156.44,0.025,0.9154
272,96.92,96.945,0.025,0.9154
273,240.55,240.565,0.015,0.9153
274,147.875,147.9,0.025,0.9153
275,447.0,447.06,0.06,0.9152
276,153.795,153.82,0.025,0.9151
277,92.165,92.21,0.045,0.9151
278,117.11,117.155,0.045,0.9151
279,614.925,614.935,0.01,0.915
280,115.565,115.59,0.025,0.915
281,212.315,212.34,0.025,0.9149
282,620.98,621.025,0.045,0.9148
283,635.865,635.91,0.045,0.9148
284,642.855,642.885,0.03,0.9147
285,624.375,624.4,0.025,0.9146
286,671.44,671.465,0.025,0.9146
287,505.685,505.75,0.065,0.9146
288,150.11,150.14,0.03,0.9146
289,46.095,46.11,0.015,0.9145
290,152.215,152.25,0.035,0.9144
291,671.65,671.685,0.035,0.9144
292,681.305,681.32,0.015,0.9143
293,666.07,666.115,0.045,0.9142
294,128.24,128.27,0.03,0.9141
295,709.56,709.585,0.025,0.9141
296,673.715,673.78,0.065,0.9141
297,124.47,124.505,0.035,0.914
298,580.62,580.665,0.045,0.914
299,3.84,3.855,0.015,0.9139
300,211.715,211.74,0.025,0.9139
301,70.085,70.11,0.025,0.9138
302,592.945,592.995,0.05,0.9137
303,106.555,106.58,0.025,0.9136
304,1191.8,1191.82,0.02,0.9135
305,29.245,29.26,0.015,0.9135
306,1192.6,1192.62,0.02,0.9135
307,540.375,540.4,0.025,0.9134
308,451.335,451.37,0.035,0.9128
309,151.605,151.62,0.015,0.9126
310,696.47,696.505,0.035,0.9125
311,121.145,121.18,0.035,0.9125
312,920.525,920.55,0.025,0.9122
313,881.145,881.17,0.025,0.9122
314,685.76,685.805,0.045,0.9121
315,1159.24,1159.255,0.015,0.912
316,648.24,648.265,0.025,0.9119
317,260.395,260.41,0.015,0.9118
318,261.805,261.82,0.015,0.9118
319,168.95,168.965,0.015,0.9118
320,121.715,121.74,0.025,0.9117
321,564.3,564.365,0.065,0.9117
322,402.25,402.28,0.03,0.9117
323,928.135,928.2,0.065,0.9116
324,891.855,891.92,0.065,0.9116
325,547.525,547.535,0.01,0.9116
326,0.43,0.44,0.01,0.9116
327,629.95,630.015,0.065,0.9115
328,155.435,155.46,0.025,0.9115
329,504.465,504.51,0.045,0.9115
330,982.49,982.515,0.025,0.9115
331,251.585,251.61,0.025,0.9114
332,564.76,564.77,0.01,0.9114
333,237.375,237.4,0.025,0.9113
334,211.175,211.24,0.065,0.9112
335,135.0,135.045,0.045,0.9112
336,87.335,87.38,0.045,0.9112
337,654.94,654.975,0.035,0.911
338,209.755,209.78,0.025,0.911
339,577.485,577.51,0.025,0.911
340,271.805,271.825,0.02,0.911
341,663.855,663.88,0.025,0.911
342,1187.42,1187.43,0.01,0.9109
343,652.315,652.34,0.025,0.9109
344,537.54,537.605,0.065,0.9108
345,690.175,690.24,0.065,0.9106
346,515.495,515.52,0.025,0.9106
347,724.81,724.835,0.025,0.9106
348,479.17,479.185,0.015,0.9106
349,655.12,655.155,0.035,0.9105
350,206.855,206.88,0.025,0.9105
351,585.895,585.92,0.025,0.9104
352,561.98,561.995,0.015,0.9104
353,234.22,234.23,0.01,0.9103
354,146.835,146.845,0.01,0.9102
355,1193.815,1193.84,0.025,0.9102
356,119.35,119.385,0.035,0.9101
357,700.05,700.075,0.025,0.9101
358,173.745,173.755,0.01,0.9101
359,56.015,56.04,0.025,0.91
360,147.945,147.98,0.035,0.91
361,951.18,951.195,0.015,0.9099
362,479.0,479.055,0.055,0.9099
363,644.1,644.12,0.02,0.9098
364,548.84,548.905,0.065,0.9097
365,547.415,547.475,0.06,0.9095
366,519.39,519.415,0.025,0.9095
367,655.47,655.535,0.065,0.9095
368,794.88,794.905,0.025,0.9095
369,49.695,49.74,0.045,0.9094
370,914.07,914.135,0.065,0.9094
371,719.875,719.94,0.065,0.9093
372,741.105,741.12,0.015,0.9093
373,927.415,927.44,0.025,0.9091
374,903.66,903.685,0.025,0.909
375,698.54,698.575,0.035,0.909
376,535.845,535.875,0.03,0.9089
377,927.745,927.78,0.035,0.9089
378,202.655,202.68,0.025,0.9089
379,714.91,714.925,0.015,0.9088
380,647.32,647.385,0.065,0.9088
381,924.82,924.845,0.025,0.9088
382,213.295,213.33,0.035,0.9087
383,656.29,656.315,0.025,0.9085
384,594.23,594.285,0.055,0.9082
385,896.63,896.665,0.035,0.908
386,137.22,137.245,0.025,0.908
387,1006.18,1006.215,0.035,0.908
388,639.125,639.15,0.025,0.9076
389,125.55,125.595,0.045,0.9075
390,581.43,581.445,0.015,0.9075
391,1195.4,1195.415,0.015,0.9074
392,92.085,92.12,0.035,0.9074
393,625.775,625.8,0.025,0.9074
394,1202.22,1202.245,0.025,0.9073
395,519.67,519.695,0.025,0.9071
396,156.095,156.12,0.025,0.9071
397,865.925,865.94,0.015,0.9071
398,1193.2,1193.225,0.025,0.907
399,910.355,910.38,0.025,0.907
400,529.695,529.76,0.065,0.907
401,506.685,506.71,0.025,0.907
402,534.725,534.75,0.025,0.907
403,595.16,595.185,0.025,0.9069
404,671.54,671.605,0.065,0.9069
405,84.07,84.095,0.025,0.9068
406,85.79,85.85,0.06,0.9067
407,259.98,260.0,0.02,0.9066
408,69.225,69.26,0.035,0.9066
409,25.67,25.705,0.035,0.9065
410,479.61,479.64,0.03,0.9065
411,653.655,653.68,0.025,0.9065
412,496.01,496.035,0.025,0.9065
413,242.175,242.185,0.01,0.9064
414,87.225,87.29,0.065,0.9063
415,247.135,247.145,0.01,0.9063
416,477.2,477.22,0.02,0.9063
417,106.915,107.0,0.085,0.9061
418,90.005,90.03,0.025,0.9061
419,527.46,527.475,0.015,0.9061
420,506.205,506.27,0.065,0.906
421,719.535,719.56,0.025,0.9059
422,252.115,252.175,0.06,0.9058
423,625.355,625.39,0.035,0.9057
424,51.075,51.09,0.015,0.9056
425,244.965,245.0,0.035,0.9054
426,656.39,656.425,0.035,0.9052
427,131.565,131.575,0.01,0.905
428,920.065,920.08,0.015,0.905
429,137.14,137.165,0.025,0.9049
430,116.565,116.575,0.01,0.9048
431,529.235,529.27,0.035,0.9047
432,497.55,497.575,0.025,0.9047
433,500.715,500.74,0.025,0.9046
434,643.54,643.57,0.03,0.9045
435,69.695,69.7,0.005,0.9044
436,322.285,322.3,0.015,0.9044
437,655.065,655.075,0.01,0.9043
438,496.33,496.355,0.025,0.9043
439,631.33,631.355,0.025,0.9043
440,120.555,120.56,0.005,0.9043
441,558.405,558.42,0.015,0.9042
442,1195.14,1195.19,0.05,0.9042
443,64.23,64.315,0.085,0.9042
444,732.66,732.685,0.025,0.9042
445,577.065,577.13,0.065,0.9042
446,283.795,283.825,0.03,0.9039
447,350.52,350.53,0.01,0.9039
448,647.0,647.055,0.055,0.9038
449,24.34,24.385,0.045,0.9036
450,111.27,111.305,0.035,0.9035
451,653.495,653.58,0.085,0.9034
452,590.0,590.05,0.05,0.9033
453,648.85,648.885,0.035,0.9031
454,270.615,270.635,0.02,0.9029
455,519.27,519.315,0.045,0.9029
456,152.295,152.33,0.035,0.9028
457,704.985,705.01,0.025,0.9028
458,942.93,942.975,0.045,0.9028
459,562.255,562.265,0.01,0.9028
460,209.175,209.19,0.015,0.9027
461,909.155,909.22,0.065,0.9026
462,1064.785,1064.795,0.01,0.9026
463,150.025,150.06,0.035,0.9026
464,718.415,718.44,0.025,0.9026
465,127.86,127.895,0.035,0.9023
466,156.175,156.24,0.065,0.9023
467,189.19,189.195,0.005,0.9021
468,173.265,173.31,0.045,0.9021
469,107.235,107.26,0.025,0.9021
470,488.28,488.31,0.03,0.9021
471,169.05,169.085,0.035,0.902
472,914.49,914.555,0.065,0.9019
473,242.26,242.275,0.015,0.9019
474,928.735,928.74,0.005,0.9017
475,241.51,241.575,0.065,0.9017
476,924.34,924.355,0.015,0.9016
477,872.975,872.98,0.005,0.9014
478,684.76,684.825,0.065,0.9014
479,246.305,246.355,0.05,0.9014
480,258.35,258.355,0.005,0.9012
481,182.34,182.365,0.025,0.9012
482,655.39,655.425,0.035,0.9012
483,680.525,680.55,0.025,0.9012
484,103.775,103.78,0.005,0.9011
485,68.555,68.56,0.005,0.9011
486,1043.06,1043.085,0.025,0.901
487,251.295,251.305,0.01,0.9009
488,847.54,847.575,0.035,0.9008
489,661.47,661.495,0.025,0.9007
490,412.0,412.015,0.015,0.9007
491,350.83,350.88,0.05,0.9006
492,122.835,122.85,0.015,0.9006
493,561.565,561.575,0.01,0.9006
494,782.74,782.765,0.025,0.9005
495,114.395,114.41,0.015,0.9005
496,876.86,876.865,0.005,0.9004
497,562.57,562.635,0.065,0.9004
498,978.94,979.005,0.065,0.9003
499,70.795,70.81,0.015,0.9003
500,533.445,533.48,0.035,0.9002
501,120.38,120.43,0.05,0.9002
502,676.79,676.805,0.015,0.9001
503,318.84,318.855,0.015,0.9001
504,571.31,571.315,0.005,0.9
505,260.825,260.86,0.035,0.8997
506,583.605,583.61,0.005,0.8997
507,525.82,525.845,0.025,0.8996
508,380.78,380.865,0.085,0.8995
509,186.185,186.19,0.005,0.8994
510,629.01,629.015,0.005,0.8992
511,51.145,51.16,0.015,0.8992
512,561.74,561.805,0.065,0.8992
513,51.015,51.03,0.015,0.8991
514,183.87,183.88,0.01,0.8991
515,1190.44,1190.455,0.015,0.899
516,1115.43,1115.44,0.01,0.899
517,691.175,691.26,0.085,0.899
518,645.58,645.585,0.005,0.899
519,1182.29,1182.315,0.025,0.8989
520,839.515,839.55,0.035,0.8989
521,363.38,363.41,0.03,0.8989
522,105.975,105.99,0.015,0.8989
523,636.605,636.61,0.005,0.8989
524,270.825,270.86,0.035,0.8988
525,206.575,206.61,0.035,0.8987
526,674.155,674.24,0.085,0.8987
527,914.77,914.775,0.005,0.8986
528,175.8,175.865,0.065,0.8986
529,73.58,73.585,0.005,0.8986
530,686.88,686.905,0.025,0.8985
531,658.375,658.39,0.015,0.8984
532,478.355,478.38,0.025,0.8984
533,206.015,206.08,0.065,0.8983
534,501.875,501.88,0.005,0.8982
535,154.055,154.12,0.065,0.8982
536,215.705,215.72,0.015,0.8982
537,81.585,81.665,0.08,0.8981
538,638.685,638.69,0.005,0.8981
539,644.165,644.175,0.01,0.8981
540,536.62,536.685,0.065,0.8981
541,185.155,185.17,0.015,0.8979
542,686.82,686.825,0.005,0.8979
543,918.925,918.95,0.025,0.8979
544,158.475,158.5,0.025,0.8979
545,171.485,171.49,0.005,0.8978
546,644.92,644.93,0.01,0.8978
547,650.74,650.75,0.01,0.8978
548,984.32,984.325,0.005,0.8978
549,648.16,648.185,0.025,0.8977
550,182.83,182.835,0.005,0.8976
551,58.315,58.36,0.045,0.8975
552,179.615,179.63,0.015,0.8974
553,107.165,107.18,0.015,0.8974
554,182.7,182.705,0.005,0.8974
555,511.74,511.755,0.015,0.8973
556,725.01,725.035,0.025,0.8973
557,173.355,173.415,0.06,0.8973
558,718.795,718.86,0.065,0.8973
559,656.75,656.765,0.015,0.8972
560,86.555,86.56,0.005,0.8972
561,293.065,293.08,0.015,0.8972
562,76.335,76.37,0.035,0.8971
563,101.97,101.975,0.005,0.897
564,1156.855,1156.865,0.01,0.897
565,930.0,930.005,0.005,0.8969
566,602.14,602.145,0.005,0.8969
567,395.9,395.955,0.055,0.8969
568,141.295,141.36,0.065,0.8968
569,121.225,121.26,0.035,0.8968
570,175.51,175.545,0.035,0.8967
571,776.37,776.425,0.055,0.8967
572,97.46,97.485,0.025,0.8966
573,155.365,155.38,0.015,0.8965
574,657.35,657.405,0.055,0.8964
575,1145.385,1145.45,0.065,0.8964
576,394.18,394.195,0.015,0.8963
577,249.08,249.095,0.015,0.8963
578,154.875,154.9,0.025,0.8962
579,504.755,504.79,0.035,0.8961
580,681.405,681.46,0.055,0.8961
581,548.12,548.125,0.005,0.8961
582,131.495,131.52,0.025,0.8961
583,652.875,652.88,0.005,0.896
584,739.25,739.255,0.005,0.896
585,666.29,666.295,0.005,0.8959
586,224.445,224.455,0.01,0.8959
587,881.025,881.03,0.005,0.8959
588,88.825,88.84,0.015,0.8959
589,471.695,471.75,0.055,0.8957
590,167.09,167.095,0.005,0.8957
591,686.6,686.685,0.085,0.8956
592,473.575,473.585,0.01,0.8956
593,720.475,720.48,0.005,0.8956
594,827.53,827.535,0.005,0.8956
595,189.36,189.425,0.065,0.8956
596,903.54,903.545,0.005,0.8955
597,353.285,353.34,0.055,0.8955
598,899.145,899.21,0.065,0.8953
599,334.35,334.38,0.03,0.8953
600,877.05,877.055,0.005,0.8953
601,914.37,914.375,0.005,0.8952
602,1193.55,1193.6,0.05,0.8952
603,498.76,498.765,0.005,0.8951
604,239.435,239.445,0.01,0.895
605,524.82,524.825,0.005,0.895
606,653.175,653.24,0.065,0.8949
607,149.615,149.63,0.015,0.8949
608,643.295,643.345,0.05,0.8948
609,533.865,533.87,0.005,0.8947
610,535.22,535.27,0.05,0.8947
611,56.195,56.26,0.065,0.8947
612,894.87,894.875,0.005,0.8946
613,474.135,474.145,0.01,0.8946
614,498.47,498.475,0.005,0.8946
615,91.055,91.07,0.015,0.8945
616,463.845,463.855,0.01,0.8945
617,1184.145,1184.195,0.05,0.8945
618,94.575,94.585,0.01,0.8944
619,548.18,548.185,0.005,0.8944
620,151.195,151.23,0.035,0.8944
621,75.04,75.045,0.005,0.8944
622,577.305,577.37,0.065,0.8944
623,666.2,666.205,0.005,0.8944
624,52.585,52.59,0.005,0.8943
625,504.855,504.89,0.035,0.8943
626,203.935,203.94,0.005,0.8943
627,106.125,106.18,0.055,0.8942
628,128.155,128.16,0.005,0.894
629,174.68,174.715,0.035,0.894
630,139.875,139.88,0.005,0.894
631,156.335,156.36,0.025,0.8939
632,23.9,23.905,0.005,0.8939
633,580.46,580.465,0.005,0.8939
634,685.14,685.145,0.005,0.8939
635,677.81,677.815,0.005,0.8938
636,986.69,986.695,0.005,0.8938
637,900.575,900.63,0.055,0.8937
638,681.165,681.23,0.065,0.8937
639,908.355,908.36,0.005,0.8936
640,77.295,77.3,0.005,0.8935
641,937.8,937.855,0.055,0.8934
642,286.41,286.415,0.005,0.8934
643,527.35,527.405,0.055,0.8934
644,730.645,730.65,0.005,0.8934
645,844.785,844.79,0.005,0.8933
646,164.23,164.255,0.025,0.8933
647,680.405,680.41,0.005,0.8933
648,921.34,921.35,0.01,0.8932
649,155.315,155.32,0.005,0.8931
650,73.51,73.525,0.015,0.8931
651,944.135,944.14,0.005,0.8931
652,104.735,104.82,0.085,0.893
653,50.615,50.66,0.045,0.893
654,49.115,49.2,0.085,0.893
655,500.03,500.085,0.055,0.893
656,591.825,591.83,0.005,0.8929
657,352.345,352.395,0.05,0.8929
658,136.6,136.665,0.065,0.8929
659,240.04,240.045,0.005,0.8928
660,121.875,121.88,0.005,0.8927
661,177.625,177.71,0.085,0.8927
662,53.205,53.22,0.015,0.8927
663,907.975,907.98,0.005,0.8926
664,441.7,441.705,0.005,0.8925
665,183.935,183.94,0.005,0.8925
666,516.995,517.0,0.005,0.8925
667,42.88,42.885,0.005,0.8925
668,658.675,658.69,0.015,0.8925
669,74.42,74.425,0.005,0.8924
670,531.47,531.475,0.005,0.8924
671,665.68,665.685,0.005,0.8924
672,503.105,503.11,0.005,0.8923
673,697.85,697.855,0.005,0.8923
674,1275.185,1275.195,0.01,0.8922
675,248.23,248.245,0.015,0.8921
676,548.28,548.285,0.005,0.8921
677,44.185,44.19,0.005,0.8921
678,179.935,179.94,0.005,0.892
679,1202.44,1202.455,0.015,0.892
680,654.235,654.24,0.005,0.892
681,90.945,90.95,0.005,0.8919
682,538.38,538.385,0.005,0.8919
683,879.195,879.2,0.005,0.8919
684,354.745,354.75,0.005,0.8918
685,628.73,628.735,0.005,0.8918
686,120.505,120.51,0.005,0.8918
687,64.17,64.175,0.005,0.8917
688,77.135,77.14,0.005,0.8917
689,934.065,934.07,0.005,0.8917
690,16.61,16.625,0.015,0.8916
691,919.645,919.68,0.035,0.8916
692,661.22,661.225,0.005,0.8916
693,558.345,558.36,0.015,0.8916
694,298.425,298.43,0.005,0.8916
695,674.945,674.95,0.005,0.8916
696,48.365,48.37,0.005,0.8915
697,175.36,175.375,0.015,0.8915
698,677.92,677.955,0.035,0.8915
699,433.985,434.05,0.065,0.8915
700,1186.85,1186.855,0.005,0.8914
701,170.49,170.5,0.01,0.8914
702,895.15,895.155,0.005,0.8914
703,638.385,638.39,0.005,0.8913
704,213.385,213.41,0.025,0.8913
705,329.05,329.055,0.005,0.8913
706,41.24,41.245,0.005,0.8913
707,653.125,653.13,0.005,0.8912
708,533.635,533.64,0.005,0.8912
709,273.425,273.485,0.06,0.8912
710,1200.015,1200.08,0.065,0.8912
711,167.47,167.475,0.005,0.8912
712,354.965,354.97,0.005,0.8911
713,85.69,85.695,0.005,0.8911
714,212.525,212.53,0.005,0.891
715,649.76,649.765,0.005,0.891
716,502.785,502.79,0.005,0.891
717,160.755,160.76,0.005,0.891
718,101.1,101.105,0.005,0.8909
719,713.78,713.785,0.005,0.8909
720,559.475,559.49,0.015,0.8909
721,900.745,900.75,0.005,0.8909
722,421.185,421.24,0.055,0.8908
723,644.675,644.685,0.01,0.8908
724,277.7,277.71,0.01,0.8908
725,1182.02,1182.025,0.005,0.8907
726,697.73,697.735,0.005,0.8907
727,561.85,561.915,0.065,0.8907
728,51.355,51.36,0.005,0.8907
729,917.865,917.87,0.005,0.8907
730,49.385,49.39,0.005,0.8906
731,1150.995,1151.0,0.005,0.8906
732,976.7,976.705,0.005,0.8906
733,670.35,670.355,0.005,0.8906
734,198.215,198.22,0.005,0.8906
735,625.275,625.28,0.005,0.8906
736,913.69,913.725,0.035,0.8905
737,351.475,351.48,0.005,0.8905
738,636.285,636.35,0.065,0.8904
739,647.83,647.835,0.005,0.8904
740,490.555,490.56,0.005,0.8903
741,904.92,904.925,0.005,0.8903
742,111.74,111.745,0.005,0.8903
743,163.815,163.825,0.01,0.8902
744,485.86,485.865,0.005,0.8902
745,919.145,919.15,0.005,0.8902
746,107.395,107.46,0.065,0.8902
747,1049.75,1049.755,0.005,0.8902
748,1087.405,1087.41,0.005,0.8901
749,140.315,140.32,0.005,0.8901
750,927.505,927.52,0.015,0.8901
751,116.34,116.345,0.005,0.8901
752,559.355,559.405,0.05,0.8901
753,677.69,677.695,0.005,0.89
754,1044.705,1044.71,0.005,0.89
755,632.29,632.295,0.005,0.89
756,83.83,83.835,0.005,0.89
757,567.995,568.0,0.005,0.89
758,659.115,659.12,0.005,0.89
759,503.545,503.55,0.005,0.89
760,647.68,647.685,0.005,0.89
761,158.595,158.68,0.085,0.8899
762,65.39,65.395,0.005,0.8899
763,213.235,213.24,0.005,0.8899
764,880.715,880.72,0.005,0.8898
765,982.09,982.095,0.005,0.8898
766,511.66,511.665,0.005,0.8898
767,636.015,636.05,0.035,0.8897
768,115.365,115.43,0.065,0.8897
769,88.325,88.39,0.065,0.8897
770,838.495,838.5,0.005,0.8897
771,589.58,589.635,0.055,0.8897
772,729.825,729.83,0.005,0.8896
773,572.36,572.365,0.005,0.8896
774,157.535,157.54,0.005,0.8896
775,26.73,26.735,0.005,0.8896
776,1135.51,1135.515,0.005,0.8896
777,501.605,501.61,0.005,0.8895
778,696.95,696.955,0.005,0.8895
779,140.655,140.66,0.005,0.8895
780,909.855,909.86,0.005,0.8895
781,562.69,562.695,0.005,0.8895
782,543.05,543.135,0.085,0.8895
783,197.575,197.58,0.005,0.8895
784,534.025,534.03,0.005,0.8895
785,925.25,925.255,0.005,0.8894
786,981.18,981.185,0.005,0.8894
787,104.045,104.05,0.005,0.8893
788,572.81,572.815,0.005,0.8893
789,99.92,99.925,0.005,0.8893
790,963.865,963.895,0.03,0.8892
791,332.83,332.85,0.02,0.8892
792,590.585,590.59,0.005,0.8892
793,584.195,584.2,0.005,0.8892
794,227.3,227.305,0.005,0.8892
795,242.33,242.385,0.055,0.8892
796,597.065,597.07,0.005,0.8892
797,226.94,226.945,0.005,0.8892
798,32.505,32.51,0.005,0.8891
799,534.225,534.23,0.005,0.889
800,864.915,864.92,0.005,0.889
801,156.835,156.885,0.05,0.889
802,108.65,108.655,0.005,0.889
803,926.235,926.24,0.005,0.889
804,785.935,785.94,0.005,0.889
805,713.12,713.205,0.085,0.889
806,810.6,810.605,0.005,0.889
807,45.775,45.78,0.005,0.889
808,170.285,170.29,0.005,0.889
809,356.645,356.65,0.005,0.889
810,502.015,502.02,0.005,0.8889
811,1046.015,1046.02,0.005,0.8889
812,538.24,538.245,0.005,0.8889
813,559.025,559.03,0.005,0.8889
814,495.13,495.135,0.005,0.8889
815,875.615,875.625,0.01,0.8887
816,206.395,206.4,0.005,0.8887
817,900.225,900.23,0.005,0.8886
818,1199.475,1199.48,0.005,0.8885
819,914.95,914.955,0.005,0.8885
820,898.725,898.73,0.005,0.8885
821,954.97,954.995,0.025,0.8884
822,536.94,536.945,0.005,0.8884
823,929.135,929.14,0.005,0.8883
824,531.55,531.565,0.015,0.8883
825,910.215,910.22,0.005,0.8883
826,648.62,648.625,0.005,0.8883
827,887.7,887.705,0.005,0.8883
828,3.455,3.46,0.005,0.8883
829,925.2,925.205,0.005,0.8883
830,550.39,550.41,0.02,0.8882
831,56.095,56.12,0.025,0.8881
832,100.22,100.225,0.005,0.8881
833,120.655,120.72,0.065,0.8881
834,646.48,646.485,0.005,0.888
835,650.935,650.94,0.005,0.888
836,919.445,919.45,0.005,0.888
837,1186.46,1186.465,0.005,0.8879
838,840.375,840.38,0.005,0.8879
839,654.075,654.16,0.085,0.8879
840,237.765,237.78,0.015,0.8878
841,271.885,271.89,0.005,0.8878
842,559.585,559.65,0.065,0.8878
843,1062.625,1062.63,0.005,0.8878
844,176.38,176.465,0.085,0.8878
845,664.235,664.26,0.025,0.8878
846,134.88,134.885,0.005,0.8878
847,207.875,207.88,0.005,0.8877
848,697.55,697.555,0.005,0.8877
849,432.175,432.21,0.035,0.8877
850,208.895,208.9,0.005,0.8876
851,134.82,134.825,0.005,0.8876
852,662.19,662.195,0.005,0.8876
853,244.205,244.22,0.015,0.8876
854,164.98,164.985,0.005,0.8876
855,885.98,885.985,0.005,0.8875
856,31.765,31.77,0.005,0.8875
857,559.305,559.31,0.005,0.8874
858,199.815,199.82,0.005,0.8874
859,805.765,805.77,0.005,0.8874
860,653.875,653.88,0.005,0.8873
861,694.035,694.04,0.005,0.8873
862,38.86,38.865,0.005,0.8873
863,792.665,792.67,0.005,0.8873
864,119.94,119.945,0.005,0.8873
865,657.15,657.155,0.005,0.8872
866,785.445,785.45,0.005,0.8872
867,658.945,658.95,0.005,0.8872
868,51.215,51.3,0.085,0.8872
869,1181.705,1181.715,0.01,0.8872
870,512.26,512.265,0.005,0.8872
871,452.2,452.205,0.005,0.8872
872,620.82,620.825,0.005,0.887
873,962.925,962.93,0.005,0.887
874,931.91,931.915,0.005,0.887
875,509.95,509.955,0.005,0.887
876,502.185,502.19,0.005,0.887
877,595.38,595.385,0.005,0.8869
878,82.42,82.425,0.005,0.8869
879,413.43,413.435,0.005,0.8869
880,26.65,26.655,0.005,0.8869
881,792.925,792.93,0.005,0.8868
882,920.805,920.81,0.005,0.8868
883,698.21,698.215,0.005,0.8867
884,108.97,108.975,0.005,0.8867
885,496.09,496.095,0.005,0.8867
886,1042.76,1042.765,0.005,0.8867
887,509.07,509.105,0.035,0.8867
888,175.74,175.745,0.005,0.8867
889,663.325,663.34,0.015,0.8867
890,763.95,763.955,0.005,0.8867
891,500.785,500.79,0.005,0.8867
892,978.465,978.475,0.01,0.8867
893,873.755,873.76,0.005,0.8867
894,576.575,576.58,0.005,0.8867
895,680.905,680.93,0.025,0.8867
896,246.225,246.25,0.025,0.8866
897,594.69,594.745,0.055,0.8866
898,177.955,177.96,0.005,0.8866
899,86.23,86.25,0.02,0.8866
900,652.015,652.04,0.025,0.8866
901,2.045,2.05,0.005,0.8866
902,212.235,212.24,0.005,0.8866
903,690.295,690.3,0.005,0.8866
904,586.235,586.24,0.005,0.8866
905,643.415,643.42,0.005,0.8865
906,684.71,684.715,0.005,0.8865
907,20.505,20.51,0.005,0.8865
908,682.845,682.85,0.005,0.8865
909,678.21,678.215,0.005,0.8865
910,794.66,794.665,0.005,0.8865
911,664.775,664.78,0.005,0.8864
912,636.445,636.5,0.055,0.8864
913,95.66,95.665,0.005,0.8864
914,100.6,100.605,0.005,0.8864
915,919.005,919.01,0.005,0.8864
916,955.17,955.175,0.005,0.8864
917,726.47,726.475,0.005,0.8863
918,923.06,923.065,0.005,0.8863
919,195.395,195.4,0.005,0.8863
920,129.585,129.59,0.005,0.8863
921,680.765,680.77,0.005,0.8863
922,927.195,927.2,0.005,0.8863
923,120.305,120.31,0.005,0.8862
924,493.67,493.675,0.005,0.8862
925,973.475,973.48,0.005,0.8862
926,78.235,78.24,0.005,0.8862
927,250.855,250.905,0.05,0.8862
928,610.775,610.78,0.005,0.8861
929,1086.945,1086.95,0.005,0.8861
930,57.695,57.7,0.005,0.8861
931,696.03,696.035,0.005,0.886
932,88.885,88.94,0.055,0.886
933,581.22,581.225,0.005,0.8859
934,63.91,63.915,0.005,0.8859
935,515.075,515.08,0.005,0.8859
936,543.29,543.295,0.005,0.8858
937,1010.395,1010.4,0.005,0.8858
938,693.895,693.9,0.005,0.8858
939,677.17,677.175,0.005,0.8858
940,1145.7,1145.705,0.005,0.8857
941,55.735,55.74,0.005,0.8857
942,504.945,504.97,0.025,0.8857
943,47.745,47.76,0.015,0.8857
944,698.97,698.975,0.005,0.8857
945,511.34,511.425,0.085,0.8856
946,123.79,123.795,0.005,0.8856
947,579.17,579.175,0.005,0.8855
948,64.03,64.035,0.005,0.8855
949,913.05,913.055,0.005,0.8855
950,95.74,95.745,0.005,0.8855
951,546.5,546.55,0.05,0.8855
952,181.19,181.195,0.005,0.8855
953,257.365,257.37,0.005,0.8855
954,615.07,615.075,0.005,0.8854
955,888.965,888.97,0.005,0.8854
956,910.975,910.98,0.005,0.8854
957,708.91,708.94,0.03,0.8854
958,984.24,984.245,0.005,0.8854
959,244.085,244.14,0.055,0.8854
960,699.89,699.895,0.005,0.8853
961,167.71,167.715,0.005,0.8853
962,159.195,159.2,0.005,0.8853
963,5.775,5.78,0.005,0.8853
964,50.335,50.36,0.025,0.8853
965,558.525,558.53,0.005,0.8852
966,629.89,629.895,0.005,0.8852
967,942.11,942.115,0.005,0.8852
968,178.875,178.88,0.005,0.8852
969,670.96,670.965,0.005,0.8852
970,919.785,919.79,0.005,0.8852
971,87.145,87.15,0.005,0.8852
972,649.18,649.185,0.005,0.8852
973,705.165,705.17,0.005,0.8851
974,1200.89,1200.895,0.005,0.8851
975,625.975,625.98,0.005,0.8851
976,565.78,565.785,0.005,0.8851
977,918.465,918.47,0.005,0.885
978,76.905,76.91,0.005,0.885
979,920.725,920.73,0.005,0.885
980,31.135,31.14,0.005,0.885
981,5.275,5.285,0.01,0.885
982,685.96,685.965,0.005,0.8849
983,180.22,180.225,0.005,0.8849
984,623.895,623.9,0.005,0.8849
985,469.335,469.34,0.005,0.8849
986,76.805,76.81,0.005,0.8849
987,32.965,33.05,0.085,0.8848
988,22.155,22.16,0.005,0.8848
989,883.13,883.135,0.005,0.8848
990,35.65,35.655,0.005,0.8848
991,685.04,685.045,0.005,0.8848
992,685.5,685.555,0.055,0.8848
993,105.535,105.62,0.085,0.8848
994,144.575,144.58,0.005,0.8848
995,692.895,692.9,0.005,0.8848
996,592.305,592.31,0.005,0.8848
997,650.3,650.305,0.005,0.8847
998,93.445,93.45,0.005,0.8847
999,973.555,973.56,0.005,0.8847
1000,891.575,891.58,0.005,0.8847
1001,65.05,65.055,0.005,0.8847
1002,729.565,729.57,0.005,0.8847
1003,1203.165,1203.17,0.005,0.8847
1004,63.0,63.005,0.005,0.8846
1005,699.25,699.255,0.005,0.8846
1006,104.265,104.27,0.005,0.8846
1007,166.65,166.655,0.005,0.8845
1008,724.33,724.335,0.005,0.8845
1009,526.53,526.535,0.005,0.8845
1010,624.555,624.56,0.005,0.8844
1011,211.295,211.3,0.005,0.8844
1012,103.715,103.72,0.005,0.8844
1013,930.91,930.915,0.005,0.8844
1014,693.575,693.58,0.005,0.8844
1015,1047.88,1047.885,0.005,0.8844
1016,635.815,635.82,0.005,0.8844
1017,659.185,659.19,0.005,0.8843
1018,891.155,891.16,0.005,0.8843
1019,663.415,663.42,0.005,0.8843
1020,832.125,832.13,0.005,0.8843
1021,189.88,189.885,0.005,0.8843
1022,167.16,167.215,0.055,0.8843
1023,82.33,82.335,0.005,0.8843
1024,953.705,953.71,0.005,0.8843
1025,712.72,712.725,0.005,0.8842
1026,393.725,393.73,0.005,0.8842
1027,724.91,724.915,0.005,0.8842
1028,1148.51,1148.515,0.005,0.8842
1029,682.605,682.61,0.005,0.8842
1030,912.035,912.04,0.005,0.8842
1031,918.865,918.87,0.005,0.8842
1032,563.4,563.405,0.005,0.8841
1033,461.14,461.145,0.005,0.8841
1034,753.545,753.55,0.005,0.8841
1035,568.735,568.74,0.005,0.8841
1036,908.615,908.62,0.005,0.8841
1037,200.69,200.72,0.03,0.884
1038,236.155,236.16,0.005,0.884
1039,29.395,29.4,0.005,0.884
1040,196.765,196.77,0.005,0.884
1041,1053.775,1053.78,0.005,0.884
1042,84.25,84.275,0.025,0.884
1043,678.11,678.115,0.005,0.884
1044,685.6,685.605,0.005,0.884
1045,618.345,618.35,0.005,0.884
1046,95.14,95.145,0.005,0.8839
1047,223.86,223.865,0.005,0.8839
1048,235.595,235.6,0.005,0.8839
1049,145.395,145.4,0.005,0.8839
1050,99.08,99.085,0.005,0.8839
1051,165.94,165.945,0.005,0.8838
1052,250.435,250.44,0.005,0.8838
1053,581.04,581.045,0.005,0.8838
1054,626.295,626.3,0.005,0.8838
1055,68.865,68.87,0.005,0.8838
1056,776.65,776.655,0.005,0.8838
1057,62.22,62.225,0.005,0.8837
1058,58.095,58.18,0.085,0.8837
1059,236.495,236.5,0.005,0.8837
1060,642.745,642.795,0.05,0.8837
1061,969.105,969.11,0.005,0.8837
1062,584.035,584.04,0.005,0.8836
1063,220.88,220.89,0.01,0.8836
1064,63.5,63.505,0.005,0.8836
1065,900.125,900.13,0.005,0.8836
1066,77.055,77.06,0.005,0.8836
1067,528.335,528.34,0.005,0.8835
1068,573.09,573.095,0.005,0.8835
1069,154.695,154.7,0.005,0.8835
1070,498.99,498.995,0.005,0.8835
1071,103.555,103.56,0.005,0.8835
1072,18.01,18.015,0.005,0.8834
1073,934.165,934.17,0.005,0.8834
1074,120.775,120.78,0.005,0.8834
1075,741.205,741.21,0.005,0.8834
1076,723.39,723.395,0.005,0.8833
1077,214.735,214.74,0.005,0.8833
1078,726.41,726.415,0.005,0.8833
1079,677.09,677.095,0.005,0.8833
1080,516.875,516.88,0.005,0.8832
1081,505.795,505.81,0.015,0.8832
1082,215.315,215.32,0.005,0.8832
1083,497.93,497.935,0.005,0.8831
1084,497.21,497.215,0.005,0.8831
1085,781.11,781.115,0.005,0.8831
1086,943.31,943.315,0.005,0.8831
1087,654.86,654.865,0.005,0.8831
1088,396.635,396.69,0.055,0.883
1089,740.37,740.375,0.005,0.883
1090,496.21,496.245,0.035,0.883
1091,698.91,698.915,0.005,0.883
1092,210.505,210.51,0.005,0.883
1093,29.455,29.46,0.005,0.8829
1094,24.68,24.685,0.005,0.8829
1095,550.925,550.93,0.005,0.8829
1096,105.345,105.4,0.055,0.8829
1097,663.195,663.21,0.015,0.8829
1098,177.855,177.87,0.015,0.8829
1099,48.475,48.48,0.005,0.8829
1100,164.73,164.735,0.005,0.8829
1101,909.335,909.34,0.005,0.8828
1102,551.775,551.78,0.005,0.8828
1103,284.515,284.52,0.005,0.8828
1104,246.81,246.815,0.005,0.8828
1105,925.0,925.005,0.005,0.8828
1106,568.395,568.4,0.005,0.8828
1107,496.81,496.815,0.005,0.8828
1108,581.7,581.705,0.005,0.8827
1109,558.625,558.64,0.015,0.8827
1110,1139.185,1139.19,0.005,0.8827
1111,244.735,244.74,0.005,0.8827
1112,696.65,696.675,0.025,0.8827
1113,290.54,290.545,0.005,0.8827
1114,913.17,913.175,0.005,0.8827
1115,475.16,475.165,0.005,0.8827
1116,1199.78,1199.785,0.005,0.8827
1117,509.64,509.645,0.005,0.8826
1118,102.19,102.275,0.085,0.8826
1119,100.78,100.785,0.005,0.8826
1120,201.305,201.31,0.005,0.8826
1121,127.11,127.115,0.005,0.8826
1122,982.87,982.875,0.005,0.8826
1123,96.16,96.165,0.005,0.8826
1124,548.4,548.415,0.015,0.8826
1125,962.615,962.62,0.005,0.8826
1126,776.77,776.775,0.005,0.8826
1127,714.55,714.555,0.005,0.8826
1128,559.535,559.54,0.005,0.8825
1129,681.665,681.75,0.085,0.8825
1130,92.945,92.95,0.005,0.8825
1131,229.5,229.505,0.005,0.8825
1132,703.785,703.79,0.005,0.8825
1133,211.445,211.45,0.005,0.8825
1134,649.96,649.965,0.005,0.8824
1135,497.83,497.835,0.005,0.8824
1136,44.25,44.255,0.005,0.8824
1137,119.2,119.205,0.005,0.8824
1138,228.92,228.925,0.005,0.8824
1139,144.815,144.83,0.015,0.8824
1140,254.99,254.995,0.005,0.8824
1141,645.71,645.715,0.005,0.8824
1142,1189.68,1189.685,0.005,0.8823
1143,919.225,919.23,0.005,0.8823
1144,353.235,353.24,0.005,0.8823
1145,121.015,121.1,0.085,0.8823
1146,1182.46,1182.465,0.005,0.8822
1147,839.595,839.6,0.005,0.8822
1148,79.96,79.965,0.005,0.8821
1149,413.185,413.19,0.005,0.8821
1150,417.71,417.715,0.005,0.8821
1151,215.585,215.59,0.005,0.8821
1152,651.025,651.03,0.005,0.8821
1153,494.68,494.685,0.005,0.8821
1154,489.91,489.93,0.02,0.8821
1155,588.93,588.935,0.005,0.8821
1156,248.12,248.175,0.055,0.8821
1157,105.475,105.48,0.005,0.882
1158,435.84,435.895,0.055,0.882
1159,76.96,76.97,0.01,0.882
1160,966.52,966.525,0.005,0.882
1161,61.46,61.465,0.005,0.882
1162,914.89,914.895,0.005,0.882
1163,922.91,922.915,0.005,0.882
1164,637.325,637.33,0.005,0.8819
1165,182.77,182.775,0.005,0.8819
1166,53.655,53.66,0.005,0.8819
1167,57.495,57.5,0.005,0.8819
1168,688.16,688.165,0.005,0.8819
1169,896.77,896.775,0.005,0.8819
1170,955.92,955.925,0.005,0.8819
1171,483.665,483.67,0.005,0.8819
1172,80.055,80.06,0.005,0.8819
1173,23.395,23.4,0.005,0.8819
1174,561.125,561.13,0.005,0.8819
1175,565.42,565.425,0.005,0.8818
1176,636.945,636.95,0.005,0.8818
1177,729.265,729.27,0.005,0.8818
1178,581.76,581.765,0.005,0.8818
1179,131.045,131.05,0.005,0.8818
1180,470.49,470.495,0.005,0.8818
1181,652.435,652.44,0.005,0.8818
1182,545.525,545.53,0.005,0.8818
1183,191.62,191.625,0.005,0.8818
1184,565.54,565.545,0.005,0.8818
1185,892.275,892.28,0.005,0.8817
1186,262.355,262.39,0.035,0.8817
1187,986.43,986.435,0.005,0.8817
1188,619.54,619.545,0.005,0.8817
1189,236.075,236.08,0.005,0.8817
1190,930.23,930.235,0.005,0.8817
1191,352.495,352.5,0.005,0.8817
1192,558.465,558.47,0.005,0.8817
1193,55.895,55.9,0.005,0.8817
1194,82.52,82.575,0.055,0.8817
1195,705.705,705.71,0.005,0.8817
1196,173.605,173.61,0.005,0.8816
1197,676.57,676.575,0.005,0.8816
1198,934.645,934.65,0.005,0.8816
1199,516.045,516.05,0.005,0.8816
1200,92.885,92.89,0.005,0.8816
1201,706.285,706.29,0.005,0.8816
1202,305.2,305.205,0.005,0.8816
1203,18.34,18.345,0.005,0.8815
1204,380.385,380.465,0.08,0.8815
1205,647.62,647.625,0.005,0.8815
1206,692.575,692.58,0.005,0.8815
1207,652.825,652.83,0.005,0.8815
1208,514.345,514.35,0.005,0.8815
1209,181.38,181.465,0.085,0.8815
1210,1068.94,1068.945,0.005,0.8815
1211,869.88,869.885,0.005,0.8815
1212,138.16,138.165,0.005,0.8815
1213,863.17,863.175,0.005,0.8815
1214,891.655,891.66,0.005,0.8815
1215,185.285,185.3,0.015,0.8814
1216,491.525,491.53,0.005,0.8814
1217,36.51,36.515,0.005,0.8814
1218,291.055,291.06,0.005,0.8814
1219,712.0,712.005,0.005,0.8814
1220,646.3,646.305,0.005,0.8813
1221,560.435,560.44,0.005,0.8813
1222,96.1,96.105,0.005,0.8813
1223,196.955,196.96,0.005,0.8813
1224,927.635,927.69,0.055,0.8813
1225,31.045,31.05,0.005,0.8813
1226,26.11,26.115,0.005,0.8813
1227,74.6,74.605,0.005,0.8813
1228,666.35,666.355,0.005,0.8813
1229,495.35,495.355,0.005,0.8812
1230,239.655,239.66,0.005,0.8812
1231,560.005,560.09,0.085,0.8812
1232,778.535,778.54,0.005,0.8811
1233,497.01,497.015,0.005,0.8811
1234,739.47,739.475,0.005,0.8811
1235,825.57,825.575,0.005,0.8811
1236,924.4,924.405,0.005,0.8811
1237,1080.85,1080.855,0.005,0.8811
1238,260.53,260.545,0.015,0.8811
1239,960.59,960.595,0.005,0.8811
1240,510.96,511.045,0.085,0.881
1241,576.725,576.73,0.005,0.881
1242,726.25,726.255,0.005,0.881
1243,125.67,125.675,0.005,0.881
1244,677.55,677.555,0.005,0.881
1245,135.36,135.365,0.005,0.8809
1246,44.655,44.66,0.005,0.8809
1247,173.205,173.215,0.01,0.8809
1248,904.54,904.545,0.005,0.8809
1249,1.47,1.55,0.08,0.8809
1250,841.51,841.515,0.005,0.8809
1251,871.955,871.96,0.005,0.8808
1252,453.82,453.825,0.005,0.8808
1253,118.88,118.885,0.005,0.8808
1254,135.7,135.725,0.025,0.8808
1255,504.155,504.16,0.005,0.8808
1256,564.52,564.525,0.005,0.8808
1257,491.955,491.96,0.005,0.8808
1258,330.2,330.205,0.005,0.8808
1259,75.88,75.885,0.005,0.8808
1260,55.275,55.36,0.085,0.8808
1261,182.03,182.035,0.005,0.8807
1262,200.395,200.4,0.005,0.8807
1263,689.415,689.42,0.005,0.8807
1264,567.195,567.2,0.005,0.8807
1265,897.05,897.055,0.005,0.8806
1266,57.435,57.44,0.005,0.8806
1267,728.535,728.54,0.005,0.8806
1268,709.66,709.665,0.005,0.8806
1269,1189.795,1189.81,0.015,0.8806
1270,966.9,966.905,0.005,0.8806
1271,41.5,41.505,0.005,0.8806
1272,523.465,523.47,0.005,0.8805
1273,699.51,699.515,0.005,0.8805
1274,886.72,886.725,0.005,0.8805
1275,137.34,137.345,0.005,0.8805
1276,791.865,791.87,0.005,0.8805
1277,500.17,500.175,0.005,0.8805
1278,175.42,175.425,0.005,0.8805
1279,896.05,896.055,0.005,0.8805
1280,713.38,713.385,0.005,0.8804
1281,208.335,208.34,0.005,0.8804
1282,899.445,899.45,0.005,0.8804
1283,792.245,792.25,0.005,0.8804
1284,1054.145,1054.15,0.005,0.8804
1285,1204.725,1204.73,0.005,0.8804
1286,20.245,20.25,0.005,0.8804
1287,130.485,130.49,0.005,0.8803
1288,471.05,471.055,0.005,0.8803
1289,71.85,71.855,0.005,0.8803
1290,911.195,911.2,0.005,0.8803
1291,244.785,244.79,0.005,0.8803
1292,890.675,890.68,0.005,0.8802
1293,573.27,573.275,0.005,0.8802
1294,653.735,653.74,0.005,0.8802
1295,503.445,503.45,0.005,0.8802
1296,182.93,182.935,0.005,0.8802
1297,970.375,970.38,0.005,0.8802
1298,666.85,666.855,0.005,0.8802
1299,923.0,923.005,0.005,0.8802
1300,158.975,158.98,0.005,0.8801
1301,696.77,696.775,0.005,0.8801
1302,569.155,569.16,0.005,0.8801
1303,324.545,324.55,0.005,0.8801
1304,1042.54,1042.545,0.005,0.88
1305,254.36,254.365,0.005,0.88
1306,547.98,547.985,0.005,0.88
1307,137.5,137.505,0.005,0.88
1308,443.51,443.515,0.005,0.88
1309,262.215,262.22,0.005,0.88
1310,499.17,499.22,0.05,0.8799
1311,504.645,504.65,0.005,0.8799
1312,172.095,172.15,0.055,0.8799
1313,687.77,687.775,0.005,0.8799
1314,732.76,732.765,0.005,0.8799
1315,899.745,899.75,0.005,0.8799
1316,185.235,185.24,0.005,0.8799
1317,166.27,166.275,0.005,0.8798
1318,631.69,631.695,0.005,0.8798
1319,672.04,672.045,0.005,0.8798
1320,229.08,229.115,0.035,0.8798
1321,620.68,620.685,0.005,0.8798
1322,570.62,570.625,0.005,0.8798
1323,64.81,64.815,0.005,0.8797
1324,565.3,565.305,0.005,0.8797
1325,729.765,729.77,0.005,0.8797
1326,740.565,740.57,0.005,0.8797
1327,605.345,605.35,0.005,0.8797
1328,170.545,170.55,0.005,0.8797
1329,651.935,651.94,0.005,0.8797
1330,713.88,713.885,0.005,0.8796
1331,154.175,154.18,0.005,0.8796
1332,643.005,643.01,0.005,0.8796
1333,354.305,354.31,0.005,0.8796
1334,136.84,136.845,0.005,0.8796
1335,170.21,170.215,0.005,0.8796
1336,937.44,937.445,0.005,0.8796
1337,1181.765,1181.77,0.005,0.8796
1338,1197.735,1197.74,0.005,0.8796
1339,652.935,652.94,0.005,0.8795
1340,531.065,531.07,0.005,0.8795
1341,126.73,126.735,0.005,0.8795
1342,258.2,258.285,0.085,0.8795
1343,86.945,86.95,0.005,0.8795
1344,297.585,297.59,0.005,0.8795
1345,93.705,93.71,0.005,0.8794
1346,59.875,59.88,0.005,0.8794
1347,585.665,585.67,0.005,0.8794
1348,935.545,935.55,0.005,0.8794
1349,695.95,695.955,0.005,0.8794
1350,48.895,48.9,0.005,0.8794
1351,712.5,712.505,0.005,0.8794
1352,725.27,725.275,0.005,0.8793
1353,789.15,789.155,0.005,0.8793
1354,680.985,681.07,0.085,0.8793
1355,635.365,635.37,0.005,0.8793
1356,472.325,472.33,0.005,0.8793
1357,677.23,677.235,0.005,0.8793
1358,77.655,77.66,0.005,0.8793
1359,66.11,66.115,0.005,0.8793
1360,631.81,631.815,0.005,0.8793
1361,126.84,126.895,0.055,0.8793
1362,940.775,940.78,0.005,0.8793
1363,29.315,29.32,0.005,0.8792
1364,598.675,598.68,0.005,0.8792
1365,1202.965,1202.97,0.005,0.8792
1366,1006.48,1006.485,0.005,0.8792
1367,176.995,177.0,0.005,0.8792
1368,669.085,669.09,0.005,0.8792
1369,506.565,506.57,0.005,0.8792
1370,690.495,690.5,0.005,0.8791
1371,687.52,687.525,0.005,0.8791
1372,1286.865,1286.87,0.005,0.8791
1373,876.91,876.915,0.005,0.8791
1374,255.455,255.51,0.055,0.879
1375,832.365,832.37,0.005,0.879
1376,696.09,696.095,0.005,0.879
1377,662.07,662.075,0.005,0.879
1378,656.53,656.535,0.005,0.879
1379,721.055,721.06,0.005,0.879
1380,159.515,159.52,0.005,0.879
1381,920.205,920.21,0.005,0.879
1382,21.035,21.04,0.005,0.879
1383,129.285,129.29,0.005,0.879
1384,78.315,78.32,0.005,0.879
1385,171.045,171.05,0.005,0.8789
1386,237.325,237.33,0.005,0.8789
1387,159.885,159.92,0.035,0.8789
1388,874.755,874.76,0.005,0.8789
1389,698.33,698.335,0.005,0.8789
1390,135.9,135.905,0.005,0.8789
1391,570.235,570.24,0.005,0.8789
1392,563.11,563.165,0.055,0.8789
1393,93.545,93.55,0.005,0.8789
1394,56.815,56.82,0.005,0.8789
1395,333.8,333.825,0.025,0.8788
1396,133.58,133.585,0.005,0.8788
1397,38.56,38.565,0.005,0.8788
1398,73.18,73.185,0.005,0.8788
1399,696.57,696.575,0.005,0.8788
1400,590.35,590.355,0.005,0.8788
1401,25.39,25.395,0.005,0.8788
1402,671.1,671.105,0.005,0.8788
1403,662.58,662.585,0.005,0.8787
1404,639.065,639.07,0.005,0.8787
1405,580.82,580.825,0.005,0.8787
1406,583.315,583.32,0.005,0.8787
1407,646.92,646.925,0.005,0.8787
1408,661.56,661.565,0.005,0.8787
1409,87.085,87.09,0.005,0.8787
1410,141.235,141.24,0.005,0.8787
1411,949.195,949.2,0.005,0.8786
1412,247.86,247.865,0.005,0.8786
1413,395.39,395.395,0.005,0.8786
1414,354.605,354.61,0.005,0.8786
1415,1001.485,1001.49,0.005,0.8786
1416,733.94,733.945,0.005,0.8786
1417,122.755,122.76,0.005,0.8785
1418,56.515,56.52,0.005,0.8785
1419,135.82,135.825,0.005,0.8785
1420,682.445,682.45,0.005,0.8785
1421,93.045,93.05,0.005,0.8784
1422,245.965,245.97,0.005,0.8784
1423,653.035,653.04,0.005,0.8784
1424,87.465,87.47,0.005,0.8784
1425,645.5,645.505,0.005,0.8784
1426,725.65,725.655,0.005,0.8784
1427,179.855,179.86,0.005,0.8784
1428,923.14,923.145,0.005,0.8783
1429,851.93,851.935,0.005,0.8783
1430,665.49,665.495,0.005,0.8783
1431,126.41,126.415,0.005,0.8783
1432,583.715,583.72,0.005,0.8783
1433,262.635,262.68,0.045,0.8782
1434,166.43,166.435,0.005,0.8782
1435,1196.63,1196.635,0.005,0.8782
1436,45.925,45.93,0.005,0.8782
1437,910.435,910.44,0.005,0.8782
1438,915.85,915.855,0.005,0.8782
1439,227.42,227.425,0.005,0.8782
1440,28.915,28.92,0.005,0.8782
1441,720.595,720.6,0.005,0.8782
1442,859.205,859.21,0.005,0.8782
1443,60.275,60.28,0.005,0.8782
1444,163.3,163.305,0.005,0.8781
1445,1193.93,1193.935,0.005,0.8781
1446,24.92,24.925,0.005,0.8781
1447,909.595,909.6,0.005,0.8781
1448,930.12,930.125,0.005,0.8781
1449,895.85,895.855,0.005,0.8781
1450,1201.05,1201.055,0.005,0.8781
1451,238.655,238.66,0.005,0.8781
1452,526.0,526.005,0.005,0.878
1453,982.93,982.935,0.005,0.878
1454,710.8,710.805,0.005,0.878
1455,248.6,248.685,0.085,0.878
1456,109.22,109.225,0.005,0.878
1457,728.465,728.47,0.005,0.878
1458,15.275,15.28,0.005,0.878
1459,740.965,740.97,0.005,0.8779
1460,714.36,714.365,0.005,0.8779
1461,693.235,693.24,0.005,0.8779
1462,734.0,734.005,0.005,0.8779
1463,659.355,659.36,0.005,0.8779
1464,651.335,651.34,0.005,0.8779
1465,1196.46,1196.465,0.005,0.8778
1466,1206.14,1206.145,0.005,0.8778
1467,976.26,976.265,0.005,0.8778
1468,106.395,106.4,0.005,0.8778
1469,591.965,591.97,0.005,0.8778
1470,908.215,908.22,0.005,0.8778
1471,254.27,254.275,0.005,0.8778
1472,604.845,604.85,0.005,0.8778
1473,681.865,681.87,0.005,0.8778
1474,913.94,913.945,0.005,0.8777
1475,989.11,989.115,0.005,0.8777
1476,38.16,38.165,0.005,0.8777
1477,865.705,865.71,0.005,0.8777
1478,608.56,608.565,0.005,0.8777
1479,163.215,163.22,0.005,0.8776
1480,184.485,184.49,0.005,0.8776
1481,550.845,550.85,0.005,0.8776
1482,742.425,742.43,0.005,0.8776
1483,659.465,659.47,0.005,0.8776
1484,421.365,421.37,0.005,0.8776
1485,555.17,555.175,0.005,0.8775
1486,298.545,298.55,0.005,0.8775
1487,938.3,938.305,0.005,0.8775
1488,681.805,681.81,0.005,0.8775
1489,238.535,238.59,0.055,0.8775
1490,81.03,81.035,0.005,0.8775
1491,836.57,836.575,0.005,0.8775
1492,55.205,55.22,0.015,0.8775
1493,492.095,492.1,0.005,0.8775
1494,532.29,532.295,0.005,0.8775
1495,137.78,137.825,0.045,0.8775
1496,168.01,168.015,0.005,0.8775
1497,165.04,165.045,0.005,0.8775
1498,235.325,235.33,0.005,0.8774
1499,496.93,496.935,0.005,0.8774
1500,687.46,687.465,0.005,0.8774
1501,269.725,269.73,0.005,0.8774
1502,31.985,31.99,0.005,0.8774
1503,392.79,392.795,0.005,0.8774
1504,544.575,544.58,0.005,0.8774
1505,96.58,96.585,0.005,0.8774
1506,351.14,351.145,0.005,0.8774
1507,776.85,776.855,0.005,0.8773
1508,651.635,651.64,0.005,0.8773
1509,39.38,39.385,0.005,0.8773
1510,912.69,912.695,0.005,0.8773
1511,507.665,507.67,0.005,0.8773
1512,251.955,251.96,0.005,0.8773
1513,538.1,538.105,0.005,0.8772
1514,896.39,896.395,0.005,0.8772
1515,839.395,839.4,0.005,0.8772
1516,543.37,543.375,0.005,0.8771
1517,502.945,502.95,0.005,0.8771
1518,918.105,918.11,0.005,0.8771
1519,531.61,531.615,0.005,0.8771
1520,626.035,626.04,0.005,0.8771
1521,907.575,907.58,0.005,0.877
1522,1187.0,1187.005,0.005,0.877
1523,729.205,729.21,0.005,0.877
1524,138.21,138.215,0.005,0.877
1525,738.17,738.175,0.005,0.877
1526,914.63,914.635,0.005,0.877
1527,598.355,598.36,0.005,0.877
1528,1203.745,1203.75,0.005,0.8769
1529,437.095,437.1,0.005,0.8769
1530,18.11,18.115,0.005,0.8769
1531,136.9,136.905,0.005,0.8769
1532,63.31,63.315,0.005,0.8768
1533,678.39,678.395,0.005,0.8768
1534,130.605,130.61,0.005,0.8768
1535,159.715,159.72,0.005,0.8768
1536,676.375,676.38,0.005,0.8768
1537,14.565,14.57,0.005,0.8767
1538,449.765,449.77,0.005,0.8767
1539,52.515,52.52,0.005,0.8767
1540,801.35,801.355,0.005,0.8767
1541,129.365,129.37,0.005,0.8767
1542,248.9,248.905,0.005,0.8766
1543,697.93,697.935,0.005,0.8766
1544,818.205,818.21,0.005,0.8766
1545,137.56,137.565,0.005,0.8766
1546,235.4,235.405,0.005,0.8766
1547,806.685,806.69,0.005,0.8765
1548,73.36,73.365,0.005,0.8765
1549,106.065,106.07,0.005,0.8765
1550,912.61,912.615,0.005,0.8765
1551,640.245,640.25,0.005,0.8765
1552,91.725,91.73,0.005,0.8765
1553,794.72,794.725,0.005,0.8764
1554,49.845,49.91,0.065,0.8764
1555,678.47,678.475,0.005,0.8764
1556,105.675,105.68,0.005,0.8764
1557,677.43,677.435,0.005,0.8764
1558,1255.33,1255.36,0.03,0.8764
1559,916.84,916.85,0.01,0.8764
1560,198.495,198.5,0.005,0.8764
1561,647.52,647.575,0.055,0.8764
1562,663.475,663.48,0.005,0.8764
1563,637.965,637.97,0.005,0.8763
1564,523.025,523.03,0.005,0.8763
1565,698.45,698.455,0.005,0.8763
1566,179.035,179.04,0.005,0.8763
1567,705.105,705.11,0.005,0.8763
1568,543.79,543.795,0.005,0.8762
1569,704.545,704.55,0.005,0.8762
1570,116.68,116.685,0.005,0.8762
1571,679.43,679.435,0.005,0.8762
1572,738.59,738.595,0.005,0.8762
1573,569.71,569.78,0.07,0.8762
1574,1226.135,1226.14,0.005,0.8762
1575,639.685,639.69,0.005,0.8761
1576,176.18,176.26,0.08,0.8761
1577,682.365,682.37,0.005,0.8761
1578,159.035,159.04,0.005,0.8761
1579,209.915,209.92,0.005,0.8761
1580,267.555,267.56,0.005,0.8761
1581,990.31,990.315,0.005,0.8761
1582,242.77,242.775,0.005,0.876
1583,723.99,723.995,0.005,0.876
1584,690.955,690.96,0.005,0.876
1585,133.31,133.325,0.015,0.8759
1586,598.555,598.56,0.005,0.8759
1587,29.905,29.94,0.035,0.8759
1588,1232.67,1232.675,0.005,0.8759
1589,725.43,725.435,0.005,0.8759
1590,92.665,92.67,0.005,0.8759
1591,159.775,159.78,0.005,0.8758
1592,654.655,654.66,0.005,0.8758
1593,1189.53,1189.535,0.005,0.8758
1594,126.79,126.795,0.005,0.8758
1595,210.255,210.26,0.005,0.8758
1596,642.205,642.21,0.005,0.8758
1597,896.71,896.715,0.005,0.8757
1598,560.715,560.72,0.005,0.8757
1599,598.795,598.8,0.005,0.8757
1600,514.995,515.0,0.005,0.8757
1601,1050.69,1050.695,0.005,0.8757
1602,97.0,97.005,0.005,0.8757
1603,1193.345,1193.35,0.005,0.8756
1604,937.94,937.945,0.005,0.8756
1605,140.105,140.12,0.015,0.8756
1606,124.29,124.375,0.085,0.8756
1607,634.805,634.81,0.005,0.8756
1608,531.67,531.675,0.005,0.8756
1609,557.865,557.87,0.005,0.8756
1610,632.45,632.455,0.005,0.8755
1611,127.05,127.055,0.005,0.8755
1612,545.065,545.07,0.005,0.8755
1613,680.185,680.19,0.005,0.8755
1614,1072.31,1072.315,0.005,0.8755
1615,918.305,918.31,0.005,0.8755
1616,892.335,892.34,0.005,0.8755
1617,305.02,305.025,0.005,0.8755
1618,928.595,928.68,0.085,0.8755
1619,133.205,133.265,0.06,0.8755
1620,901.205,901.21,0.005,0.8754
1621,584.895,584.9,0.005,0.8754
1622,507.025,507.03,0.005,0.8754
1623,724.51,724.515,0.005,0.8754
1624,1039.965,1039.97,0.005,0.8754
1625,46.645,46.65,0.005,0.8754
1626,160.815,160.82,0.005,0.8754
1627,951.1,951.105,0.005,0.8754
1628,158.045,158.05,0.005,0.8753
1629,511.82,511.825,0.005,0.8753
1630,504.075,504.08,0.005,0.8753
1631,649.1,649.105,0.005,0.8753
1632,1201.1,1201.105,0.005,0.8752
1633,870.1,870.105,0.005,0.8752
1634,262.295,262.3,0.005,0.8752
1635,510.26,510.265,0.005,0.8752
1636,639.925,639.93,0.005,0.8752
1637,78.415,78.42,0.005,0.8751
1638,206.455,206.46,0.005,0.8751
1639,79.655,79.66,0.005,0.8751
1640,197.975,197.98,0.005,0.8751
1641,58.655,58.66,0.005,0.875
1642,873.035,873.04,0.005,0.875
1643,532.51,532.515,0.005,0.875
1644,248.96,248.965,0.005,0.875
1645,935.745,935.75,0.005,0.875
1646,648.96,648.965,0.005,0.875
1647,511.22,511.225,0.005,0.875
1648,504.405,504.41,0.005,0.875
1649,528.695,528.7,0.005,0.875
1650,66.65,66.655,0.005,0.8749
1651,712.1,712.105,0.005,0.8749
1652,67.585,67.59,0.005,0.8749
1653,546.185,546.19,0.005,0.8749
1654,688.22,688.225,0.005,0.8749
1655,584.775,584.78,0.005,0.8748
1656,652.385,652.39,0.005,0.8748
1657,78.155,78.16,0.005,0.8748
1658,932.83,932.835,0.005,0.8748
1659,1148.58,1148.585,0.005,0.8748
1660,129.525,129.53,0.005,0.8748
1661,132.49,132.495,0.005,0.8748
1662,202.435,202.44,0.005,0.8748
1663,640.755,640.76,0.005,0.8748
1664,953.585,953.59,0.005,0.8747
1665,1202.12,1202.125,0.005,0.8747
1666,852.73,852.735,0.005,0.8747
1667,282.35,282.37,0.02,0.8747
1668,935.125,935.13,0.005,0.8747
1669,182.49,182.495,0.005,0.8747
1670,665.27,665.275,0.005,0.8747
1671,497.65,497.655,0.005,0.8746
1672,560.55,560.555,0.005,0.8746
1673,75.1,75.105,0.005,0.8746
1674,574.05,574.055,0.005,0.8746
1675,52.455,52.46,0.005,0.8746
1676,919.305,919.39,0.085,0.8746
1677,432.26,432.32,0.06,0.8746
1678,214.015,214.02,0.005,0.8746
1679,179.725,179.795,0.07,0.8745
1680,104.535,104.54,0.005,0.8745
1681,770.6,770.605,0.005,0.8744
1682,915.65,915.655,0.005,0.8744
1683,22.335,22.34,0.005,0.8744
1684,989.95,989.955,0.005,0.8744
1685,671.98,671.985,0.005,0.8744
1686,168.23,168.235,0.005,0.8743
1687,567.735,567.74,0.005,0.8743
1688,492.315,492.32,0.005,0.8743
1689,532.05,532.055,0.005,0.8743
1690,246.44,246.49,0.05,0.8743
1691,626.835,626.84,0.005,0.8742
1692,295.435,295.44,0.005,0.8742
1693,326.005,326.01,0.005,0.8742
1694,262.475,262.48,0.005,0.8742
1695,934.945,934.95,0.005,0.8742
1696,561.475,561.48,0.005,0.8742
1697,637.745,637.75,0.005,0.8741
1698,272.79,272.795,0.005,0.8741
1699,1025.27,1025.275,0.005,0.8741
1700,520.37,520.375,0.005,0.8741
1701,505.945,505.95,0.005,0.8741
1702,656.47,656.475,0.005,0.8741
1703,189.02,189.025,0.005,0.8741
1704,911.275,911.28,0.005,0.874
1705,733.22,733.225,0.005,0.874
1706,729.705,729.71,0.005,0.874
1707,65.46,65.465,0.005,0.874
1708,630.33,630.335,0.005,0.874
1709,354.065,354.07,0.005,0.8739
1710,578.045,578.05,0.005,0.8739
1711,959.02,959.025,0.005,0.8739
1712,1169.185,1169.19,0.005,0.8739
1713,138.76,138.765,0.005,0.8739
1714,583.855,583.86,0.005,0.8739
1715,1188.805,1188.81,0.005,0.8739
1716,690.635,690.64,0.005,0.8739
1717,253.515,253.585,0.07,0.8739
1718,782.88,782.885,0.005,0.8738
1719,47.675,47.68,0.005,0.8738
1720,132.86,132.865,0.005,0.8738
1721,719.235,719.24,0.005,0.8738
1722,172.925,172.93,0.005,0.8738
1723,927.575,927.58,0.005,0.8738
1724,816.935,816.94,0.005,0.8738
1725,124.05,124.065,0.015,0.8737
1726,567.655,567.66,0.005,0.8737
1727,614.61,614.615,0.005,0.8737
1728,896.51,896.515,0.005,0.8737
1729,535.385,535.39,0.005,0.8736
1730,652.175,652.18,0.005,0.8736
1731,653.405,653.41,0.005,0.8736
1732,891.495,891.5,0.005,0.8736
1733,694.595,694.6,0.005,0.8736
1734,918.805,918.81,0.005,0.8736
1735,551.235,551.24,0.005,0.8735
1736,21.335,21.38,0.045,0.8735
1737,692.995,693.0,0.005,0.8735
1738,927.125,927.14,0.015,0.8735
1739,499.67,499.675,0.005,0.8735
1740,50.175,50.18,0.005,0.8734
1741,268.935,268.94,0.005,0.8734
1742,896.15,896.155,0.005,0.8734
1743,648.68,648.685,0.005,0.8734
1744,505.565,505.57,0.005,0.8733
1745,677.63,677.635,0.005,0.8733
1746,629.5,629.505,0.005,0.8733
1747,703.155,703.21,0.055,0.8733
1748,931.23,931.235,0.005,0.8732
1749,38.62,38.625,0.005,0.8732
1750,443.185,443.19,0.005,0.8731
1751,530.115,530.12,0.005,0.8731
1752,100.72,100.725,0.005,0.8731
1753,153.335,153.34,0.005,0.8731
1754,698.01,698.015,0.005,0.873
1755,132.725,132.73,0.005,0.8729
1756,1164.76,1164.765,0.005,0.8729
1757,2.12,2.13,0.01,0.8728
1758,572.23,572.235,0.005,0.8728
1759,664.115,664.12,0.005,0.8728
1760,592.87,592.875,0.005,0.8728
1761,1033.635,1033.64,0.005,0.8728
1762,48.595,48.6,0.005,0.8728
1763,176.82,176.825,0.005,0.8728
1764,562.98,562.985,0.005,0.8727
1765,648.1,648.105,0.005,0.8727
1766,496.72,496.725,0.005,0.8727
1767,212.155,212.16,0.005,0.8727
1768,631.15,631.155,0.005,0.8726
1769,698.77,698.775,0.005,0.8726
1770,896.31,896.315,0.005,0.8726
1771,330.585,330.595,0.01,0.8726
1772,865.815,865.82,0.005,0.8726
1773,475.82,475.825,0.005,0.8725
1774,895.41,895.495,0.085,0.8725
1775,662.47,662.475,0.005,0.8724
1776,662.12,662.125,0.005,0.8724
1777,511.6,511.605,0.005,0.8724
1778,1195.485,1195.49,0.005,0.8724
1779,693.455,693.46,0.005,0.8724
1780,634.345,634.35,0.005,0.8723
1781,188.86,188.865,0.005,0.8723
1782,107.075,107.08,0.005,0.8723
1783,630.17,630.175,0.005,0.8722
1784,83.29,83.295,0.005,0.8722
1785,987.89,987.895,0.005,0.8721
1786,30.945,30.97,0.025,0.8721
1787,120.255,120.26,0.005,0.872
1788,582.76,582.765,0.005,0.872
1789,692.495,692.5,0.005,0.872
1790,189.6,189.605,0.005,0.872
1791,91.785,91.79,0.005,0.8719
1792,230.98,230.985,0.005,0.8719
1793,660.38,660.385,0.005,0.8719
1794,204.395,204.4,0.005,0.8719
1795,867.025,867.03,0.005,0.8719
1796,568.895,568.9,0.005,0.8719
1797,674.875,674.88,0.005,0.8719
1798,112.825,112.83,0.005,0.8718
1799,476.55,476.6,0.05,0.8718
1800,93.625,93.63,0.005,0.8717
1801,955.49,955.495,0.005,0.8717
1802,260.975,260.98,0.005,0.8717
1803,777.11,777.115,0.005,0.8717
1804,601.77,601.775,0.005,0.8717
1805,245.175,245.19,0.015,0.8717
1806,124.11,124.115,0.005,0.8717
1807,486.42,486.425,0.005,0.8716
1808,229.4,229.405,0.005,0.8716
1809,636.685,636.69,0.005,0.8715
1810,65.95,65.955,0.005,0.8715
1811,621.1,621.105,0.005,0.8714
1812,1200.465,1200.47,0.005,0.8714
1813,644.605,644.61,0.005,0.8714
1814,770.84,770.845,0.005,0.8714
1815,57.895,57.9,0.005,0.8714
1816,896.57,896.575,0.005,0.8714
1817,111.93,111.935,0.005,0.8713
1818,177.495,177.575,0.08,0.8713
1819,114.465,114.47,0.005,0.8713
1820,96.52,96.525,0.005,0.8713
1821,49.065,49.07,0.005,0.8713
1822,117.39,117.425,0.035,0.8713
1823,14.465,14.47,0.005,0.8713
1824,1008.875,1008.88,0.005,0.8713
1825,48.185,48.19,0.005,0.8712
1826,50.835,50.84,0.005,0.8712
1827,1192.53,1192.535,0.005,0.8712
1828,935.905,935.91,0.005,0.8712
1829,21.445,21.45,0.005,0.8712
1830,627.91,627.915,0.005,0.8712
1831,835.465,835.47,0.005,0.8712
1832,810.72,810.725,0.005,0.8711
1833,133.88,133.885,0.005,0.8711
1834,139.495,139.525,0.03,0.8711
1835,801.51,801.515,0.005,0.8711
1836,1201.84,1201.845,0.005,0.8711
1837,73.12,73.125,0.005,0.871
1838,270.33,270.335,0.005,0.871
1839,621.28,621.285,0.005,0.871
1840,503.945,504.03,0.085,0.8709
1841,433.095,433.1,0.005,0.8709
1842,51.415,51.42,0.005,0.8709
1843,355.705,355.71,0.005,0.8709
1844,318.93,318.935,0.005,0.8709
1845,682.525,682.53,0.005,0.8708
1846,714.76,714.765,0.005,0.8708
1847,2.205,2.21,0.005,0.8708
1848,9.41,9.415,0.005,0.8708
1849,692.435,692.44,0.005,0.8708
1850,789.09,789.095,0.005,0.8708
1851,839.755,839.76,0.005,0.8708
1852,109.15,109.155,0.005,0.8707
1853,860.295,860.3,0.005,0.8707
1854,794.26,794.265,0.005,0.8707
1855,940.535,940.54,0.005,0.8707
1856,198.995,199.0,0.005,0.8707
1857,159.095,159.1,0.005,0.8707
1858,581.34,581.345,0.005,0.8706
1859,776.51,776.515,0.005,0.8706
1860,703.005,703.01,0.005,0.8706
1861,209.365,209.37,0.005,0.8705
1862,512.4,512.405,0.005,0.8705
1863,852.14,852.145,0.005,0.8705
1864,899.685,899.69,0.005,0.8705
1865,850.615,850.685,0.07,0.8705
1866,658.625,658.63,0.005,0.8705
1867,498.15,498.155,0.005,0.8705
1868,691.425,691.43,0.005,0.8704
1869,659.245,659.25,0.005,0.8704
1870,259.04,259.045,0.005,0.8704
1871,1056.87,1056.875,0.005,0.8704
1872,935.685,935.69,0.005,0.8704
1873,1202.66,1202.665,0.005,0.8704
1874,79.835,79.84,0.005,0.8703
1875,923.72,923.725,0.005,0.8702
1876,687.32,687.325,0.005,0.8702
1877,642.945,642.95,0.005,0.8702
1878,204.575,204.58,0.005,0.8702
1879,1181.97,1181.975,0.005,0.8702
1880,515.955,515.96,0.005,0.8702
1881,710.28,710.285,0.005,0.8701
1882,407.19,407.195,0.005,0.8701
1883,563.76,563.765,0.005,0.8701
1884,648.48,648.485,0.005,0.8701
1885,651.215,651.22,0.005,0.8701
1886,226.58,226.585,0.005,0.8701
1887,1025.51,1025.515,0.005,0.8701
1888,107.855,107.905,0.05,0.8701
1889,498.93,498.935,0.005,0.87
1890,84.38,84.385,0.005,0.87
1891,55.815,55.82,0.005,0.87
1892,984.97,984.975,0.005,0.87
1893,242.53,242.535,0.005,0.87
1894,107.535,107.54,0.005,0.87
1895,483.245,483.25,0.005,0.87
1896,123.86,123.9,0.04,0.87
1897,202.215,202.22,0.005,0.87
1898,900.345,900.35,0.005,0.87
1899,736.495,736.5,0.005,0.87
1900,670.54,670.545,0.005,0.87
1901,960.01,960.015,0.005,0.8699
1902,661.62,661.625,0.005,0.8699
1903,241.24,241.245,0.005,0.8699
1904,57.195,57.22,0.025,0.8699
1905,211.095,211.1,0.005,0.8698
1906,288.06,288.065,0.005,0.8698
1907,900.825,900.83,0.005,0.8698
1908,897.11,897.115,0.005,0.8698
1909,254.43,254.435,0.005,0.8698
1910,394.575,394.58,0.005,0.8697
1911,228.12,228.125,0.005,0.8697
1912,0.615,0.63,0.015,0.8697
1913,194.715,194.72,0.005,0.8697
1914,913.81,913.815,0.005,0.8697
1915,538.64,538.645,0.005,0.8697
1916,908.775,908.78,0.005,0.8697
1917,535.335,535.34,0.005,0.8697
1918,545.805,545.81,0.005,0.8697
1919,1203.4,1203.405,0.005,0.8696
1920,610.495,610.5,0.005,0.8696
1921,984.19,984.195,0.005,0.8696
1922,850.735,850.74,0.005,0.8696
1923,165.42,165.425,0.005,0.8696
1924,663.275,663.28,0.005,0.8695
1925,934.245,934.25,0.005,0.8695
1926,651.555,651.56,0.005,0.8695
1927,270.125,270.13,0.005,0.8695
1928,81.99,81.995,0.005,0.8694
1929,918.045,918.05,0.005,0.8694
1930,675.095,675.1,0.005,0.8694
1931,252.025,252.03,0.005,0.8694
1932,736.275,736.28,0.005,0.8693
1933,505.445,505.45,0.005,0.8693
1934,934.885,934.89,0.005,0.8693
1935,197.775,197.78,0.005,0.8692
1936,677.29,677.295,0.005,0.8692
1937,261.205,261.23,0.025,0.8692
1938,724.09,724.095,0.005,0.8692
1939,691.995,692.0,0.005,0.8691
1940,433.245,433.325,0.08,0.8691
1941,57.965,57.97,0.005,0.8691
1942,153.735,153.74,0.005,0.869
1943,1056.73,1056.775,0.045,0.869
1944,605.045,605.05,0.005,0.869
1945,1193.02,1193.1,0.08,0.869
1946,664.315,664.32,0.005,0.8689
1947,421.04,421.045,0.005,0.8689
1948,70.165,70.17,0.005,0.8689
1949,663.145,663.15,0.005,0.8688
1950,513.995,514.0,0.005,0.8688
1951,573.21,573.215,0.005,0.8687
1952,1208.43,1208.435,0.005,0.8687
1953,198.055,198.06,0.005,0.8687
1954,532.23,532.235,0.005,0.8686
1955,167.38,167.385,0.005,0.8686
1956,240.12,240.125,0.005,0.8686
1957,440.91,440.915,0.005,0.8685
1958,204.775,204.78,0.005,0.8684
1959,10.97,10.975,0.005,0.8684
1960,651.715,651.72,0.005,0.8684
1961,665.17,665.175,0.005,0.8684
1962,114.525,114.54,0.015,0.8684
1963,706.385,706.39,0.005,0.8684
1964,660.72,660.725,0.005,0.8683
1965,63.24,63.245,0.005,0.8683
1966,26.35,26.355,0.005,0.8683
1967,718.935,718.94,0.005,0.8683
1968,65.58,65.665,0.085,0.8682
1969,943.17,943.175,0.005,0.8682
1970,1039.015,1039.02,0.005,0.8682
1971,198.925,198.945,0.02,0.8682
1972,248.82,248.825,0.005,0.8682
1973,495.55,495.615,0.065,0.8682
1974,547.73,547.735,0.005,0.868
1975,269.845,269.85,0.005,0.868
1976,24.75,24.755,0.005,0.868
1977,250.635,250.64,0.005,0.868
1978,635.465,635.47,0.005,0.868
1979,111.79,111.875,0.085,0.8678
1980,549.04,549.045,0.005,0.8677
1981,58.035,58.04,0.005,0.8677
1982,627.42,627.425,0.005,0.8677
1983,564.6,564.605,0.005,0.8677
1984,934.515,934.52,0.005,0.8677
1985,915.33,915.335,0.005,0.8676
1986,568.995,569.0,0.005,0.8676
1987,525.43,525.435,0.005,0.8676
1988,640.705,640.71,0.005,0.8676
1989,909.035,909.04,0.005,0.8675
1990,129.225,129.23,0.005,0.8675
1991,668.045,668.05,0.005,0.8675
1992,662.975,662.98,0.005,0.8674
1993,185.375,185.415,0.04,0.8674
1994,863.41,863.415,0.005,0.8674
1995,136.49,136.555,0.065,0.8674
1996,243.25,243.255,0.005,0.8674
1997,622.02,622.025,0.005,0.8674
1998,208.435,208.44,0.005,0.8674
1999,448.265,448.27,0.005,0.8674
2000,865.765,865.77,0.005,0.8674
2001,638.045,638.05,0.005,0.8673
2002,185.685,185.69,0.005,0.8673
2003,140.175,140.18,0.005,0.8673
2004,262.735,262.74,0.005,0.8673
2005,611.715,611.72,0.005,0.8672
2006,515.895,515.9,0.005,0.8672
2007,646.82,646.825,0.005,0.8672
2008,224.95,225.005,0.055,0.8672
2009,159.975,159.98,0.005,0.8671
2010,49.555,49.56,0.005,0.8671
2011,541.175,541.18,0.005,0.867
2012,224.545,224.55,0.005,0.867
2013,710.96,710.965,0.005,0.8669
2014,105.295,105.3,0.005,0.8669
2015,123.565,123.57,0.005,0.8669
2016,605.845,605.85,0.005,0.8668
2017,542.75,542.755,0.005,0.8668
2018,511.95,511.955,0.005,0.8668
2019,38.34,38.345,0.005,0.8667
2020,533.955,533.96,0.005,0.8667
2021,676.235,676.24,0.005,0.8667
2022,6.175,6.18,0.005,0.8666
2023,186.705,186.71,0.005,0.8666
2024,876.99,876.995,0.005,0.8666
2025,551.635,551.64,0.005,0.8665
2026,801.28,801.285,0.005,0.8665
2027,544.47,544.475,0.005,0.8665
2028,351.975,351.98,0.005,0.8665
2029,206.275,206.28,0.005,0.8664
2030,503.615,503.62,0.005,0.8664
2031,585.475,585.48,0.005,0.8664
2032,83.65,83.655,0.005,0.8664
2033,183.39,183.395,0.005,0.8664
2034,661.28,661.285,0.005,0.8664
2035,96.66,96.665,0.005,0.8664
2036,263.195,263.2,0.005,0.8664
2037,686.38,686.385,0.005,0.8663
2038,598.975,598.98,0.005,0.8663
2039,526.28,526.285,0.005,0.8662
2040,647.9,647.905,0.005,0.8662
2041,393.34,393.42,0.08,0.8662
2042,298.475,298.48,0.005,0.8662
2043,69.515,69.52,0.005,0.8661
2044,355.465,355.47,0.005,0.8661
2045,218.215,218.22,0.005,0.866
2046,496.43,496.435,0.005,0.866
2047,134.94,134.945,0.005,0.8659
2048,24.26,24.265,0.005,0.8659
2049,23.76,23.765,0.005,0.8659
2050,24.62,24.625,0.005,0.8658
2051,548.47,548.475,0.005,0.8658
2052,250.235,250.24,0.005,0.8658
2053,522.805,522.83,0.025,0.8657
2054,1199.415,1199.42,0.005,0.8657
2055,197.335,197.34,0.005,0.8656
2056,876.415,876.42,0.005,0.8656
2057,713.0,713.005,0.005,0.8656
2058,697.65,697.655,0.005,0.8655
2059,498.29,498.295,0.005,0.8655
2060,19.56,19.57,0.01,0.8655
2061,1046.415,1046.42,0.005,0.8655
2062,111.17,111.175,0.005,0.8653
2063,207.655,207.66,0.005,0.8653
2064,4.675,4.69,0.015,0.8652
2065,209.455,209.46,0.005,0.8652
2066,791.525,791.53,0.005,0.8651
2067,498.71,498.715,0.005,0.8651
2068,937.62,937.625,0.005,0.865
2069,920.125,920.13,0.005,0.865
2070,967.0,967.005,0.005,0.865
2071,109.95,109.955,0.005,0.8649
2072,693.095,693.1,0.005,0.8649
2073,641.485,641.49,0.005,0.8649
2074,547.805,547.81,0.005,0.8649
2075,654.375,654.38,0.005,0.8649
2076,625.655,625.66,0.005,0.8648
2077,704.005,704.09,0.085,0.8648
2078,529.915,529.92,0.005,0.8647
2079,214.895,214.9,0.005,0.8646
2080,1041.96,1041.965,0.005,0.8645
2081,475.06,475.065,0.005,0.8645
2082,525.76,525.765,0.005,0.8645
2083,237.095,237.1,0.005,0.8644
2084,101.02,101.025,0.005,0.8644
2085,1047.94,1047.945,0.005,0.8644
2086,712.2,712.205,0.005,0.8643
2087,136.72,136.725,0.005,0.8643
2088,59.79,59.8,0.01,0.8642
2089,1143.355,1143.36,0.005,0.8642
2090,420.74,420.8,0.06,0.8642
2091,940.175,940.18,0.005,0.8641
2092,753.945,753.95,0.005,0.8641
2093,847.64,847.645,0.005,0.864
2094,3.755,3.76,0.005,0.864
2095,90.995,91.0,0.005,0.8638
2096,101.26,101.265,0.005,0.8638
2097,177.795,177.8,0.005,0.8638
2098,725.13,725.135,0.005,0.8637
2099,885.0,885.005,0.005,0.8637
2100,129.665,129.67,0.005,0.8636
2101,157.265,157.32,0.055,0.8636
2102,754.245,754.25,0.005,0.8636
2103,81.89,81.895,0.005,0.8635
2104,656.85,656.855,0.005,0.8635
2105,1203.22,1203.225,0.005,0.8634
2106,962.415,962.42,0.005,0.8634
2107,884.695,884.7,0.005,0.8634
2108,512.16,512.165,0.005,0.8634
2109,601.83,601.835,0.005,0.8632
2110,207.115,207.12,0.005,0.8632
2111,112.75,112.78,0.03,0.8631
2112,922.83,922.835,0.005,0.8631
2113,17.905,17.945,0.04,0.863
2114,490.015,490.02,0.005,0.863
2115,1202.75,1202.82,0.07,0.863
2116,817.575,817.58,0.005,0.8629
2117,870.02,870.025,0.005,0.8629
2118,162.045,162.115,0.07,0.8628
2119,577.245,577.25,0.005,0.8626
2120,696.41,696.415,0.005,0.8626
2121,488.92,488.925,0.005,0.8625
2122,913.87,913.875,0.005,0.8625
2123,1158.075,1158.08,0.005,0.8623
2124,106.495,106.5,0.005,0.8623
2125,854.015,854.02,0.005,0.8623
2126,522.115,522.13,0.015,0.8623
2127,263.545,263.55,0.005,0.8622
2128,1055.93,1055.935,0.005,0.8622
2129,107.315,107.32,0.005,0.8621
2130,144.125,144.2,0.075,0.862
2131,905.86,905.865,0.005,0.8617
2132,628.41,628.415,0.005,0.8617
2133,348.74,348.76,0.02,0.8616
2134,126.47,126.475,0.005,0.8615
2135,159.415,159.42,0.005,0.8615
2136,538.44,538.445,0.005,0.8614
2137,635.585,635.59,0.005,0.8613
2138,798.035,798.04,0.005,0.8612
2139,679.655,679.66,0.005,0.8612
2140,479.75,479.755,0.005,0.8612
2141,918.565,918.57,0.005,0.8612
2142,240.89,240.895,0.005,0.8611
2143,418.38,418.385,0.005,0.861
2144,730.225,730.23,0.005,0.8609
2145,518.48,518.485,0.005,0.8608
2146,80.575,80.58,0.005,0.8608
2147,801.67,801.675,0.005,0.8607
2148,895.75,895.755,0.005,0.8607
2149,331.22,331.225,0.005,0.8607
2150,21.285,21.29,0.005,0.8607
2151,567.915,567.92,0.005,0.8605
2152,325.945,325.95,0.005,0.8605
2153,297.225,297.23,0.005,0.8604
2154,635.085,635.09,0.005,0.8604
2155,170.025,170.075,0.05,0.8604
2156,631.09,631.095,0.005,0.8603
2157,13.965,14.01,0.045,0.8603
2158,151.67,151.69,0.02,0.8601
2159,894.79,894.795,0.005,0.8599
2160,178.815,178.82,0.005,0.8599
2161,782.6,782.605,0.005,0.8598
2162,816.335,816.34,0.005,0.8597
2163,69.885,69.89,0.005,0.8597
2164,536.79,536.795,0.005,0.8596
2165,83.03,83.115,0.085,0.8596
2166,827.29,827.295,0.005,0.8596
2167,333.05,333.055,0.005,0.8595
2168,59.455,59.52,0.065,0.8595
2169,646.05,646.055,0.005,0.8593
2170,685.71,685.715,0.005,0.8591
2171,872.755,872.76,0.005,0.8589
2172,112.95,112.97,0.02,0.8589
2173,1164.905,1164.91,0.005,0.8589
2174,856.83,856.84,0.01,0.8587
2175,905.66,905.665,0.005,0.8586
2176,135.64,135.645,0.005,0.8585
2177,663.065,663.07,0.005,0.8584
2178,162.85,162.855,0.005,0.8584
2179,159.585,159.64,0.055,0.8584
2180,272.96,272.965,0.005,0.8583
2181,560.365,560.37,0.005,0.8583
2182,689.515,689.52,0.005,0.8582
2183,926.695,926.7,0.005,0.8581
2184,689.055,689.06,0.005,0.8578
2185,572.31,572.315,0.005,0.8576
2186,718.495,718.5,0.005,0.8575
2187,868.425,868.435,0.01,0.8573
2188,27.03,27.035,0.005,0.8572
2189,248.36,248.365,0.005,0.8571
2190,36.58,36.585,0.005,0.857
2191,21.675,21.68,0.005,0.8569
2192,69.585,69.59,0.005,0.8568
2193,81.32,81.335,0.015,0.8567
2194,54.825,54.83,0.005,0.8566
2195,876.75,876.755,0.005,0.8565
2196,259.4,259.405,0.005,0.8564
2197,12.835,12.855,0.02,0.8563
2198,546.005,546.05,0.045,0.856
2199,103.48,103.485,0.005,0.8559
2200,917.965,917.97,0.005,0.8559
2201,522.495,522.51,0.015,0.8557
2202,144.895,144.9,0.005,0.8557
2203,106.655,106.76,0.105,0.8555
2204,295.385,295.39,0.005,0.8554
2205,554.83,554.835,0.005,0.8554
2206,307.765,307.77,0.005,0.8553
2207,206.935,206.94,0.005,0.8553
2208,104.685,104.69,0.005,0.8552
2209,724.43,724.435,0.005,0.8552
2210,686.15,686.155,0.005,0.8551
2211,518.91,518.915,0.005,0.8551
2212,875.89,875.895,0.005,0.855
2213,21.765,21.77,0.005,0.8549
2214,785.635,785.64,0.005,0.8547
2215,299.105,299.11,0.005,0.8545
2216,161.015,161.05,0.035,0.8543
2217,190.43,190.435,0.005,0.8543
2218,442.565,442.585,0.02,0.854
2219,963.525,963.53,0.005,0.8539
2220,175.59,175.595,0.005,0.8536
2221,246.865,246.915,0.05,0.8535
2222,196.16,196.165,0.005,0.8531
2223,691.935,691.94,0.005,0.8531
2224,137.42,137.425,0.005,0.853
2225,56.895,56.9,0.005,0.8528
2226,149.285,149.31,0.025,0.8527
2227,729.405,729.41,0.005,0.8525
2228,647.74,647.745,0.005,0.8523
2229,349.345,349.43,0.085,0.8522
2230,69.965,69.97,0.005,0.8521
2231,25.55,25.625,0.075,0.8521
2232,352.565,352.57,0.005,0.852
2233,35.72,35.725,0.005,0.8519
2234,635.525,635.53,0.005,0.8517
2235,56.735,56.74,0.005,0.8517
2236,138.01,138.015,0.005,0.8515
2237,540.595,540.6,0.005,0.8513
2238,515.145,515.15,0.005,0.8511
2239,692.375,692.38,0.005,0.8507
2240,912.99,912.995,0.005,0.8506
2241,57.645,57.65,0.005,0.8505
2242,446.295,446.3,0.005,0.8504
2243,31.825,31.83,0.005,0.8503
2244,1045.535,1045.54,0.005,0.85
2245,184.635,184.64,0.005,0.8499
2246,234.335,234.34,0.005,0.8498
2247,158.735,158.825,0.09,0.8495
2248,712.84,712.845,0.005,0.8495
2249,197.115,197.12,0.005,0.8493
2250,25.78,25.785,0.005,0.8492
2251,931.47,931.475,0.005,0.849
2252,17.07,17.105,0.035,0.8487
2253,931.67,931.675,0.005,0.8485
2254,244.355,244.36,0.005,0.8481
2255,17.24,17.245,0.005,0.8477
2256,497.27,497.275,0.005,0.8474
2257,20.115,20.12,0.005,0.8474
2258,895.27,895.275,0.005,0.8472
2259,133.76,133.835,0.075,0.8471
2260,740.065,740.07,0.005,0.8469
2261,420.6,420.68,0.08,0.8469
2262,213.725,213.77,0.045,0.8469
2263,786.395,786.4,0.005,0.8468
2264,559.955,559.96,0.005,0.8467
2265,521.795,521.8,0.005,0.8467
2266,423.22,423.225,0.005,0.8464
2267,283.135,283.18,0.045,0.8463
2268,539.695,539.7,0.005,0.8463
2269,665.93,665.935,0.005,0.8463
2270,118.98,119.07,0.09,0.8461
2271,262.995,263.05,0.055,0.8461
2272,138.105,138.11,0.005,0.8458
2273,521.855,521.86,0.005,0.8458
2274,327.22,327.225,0.005,0.8456
2275,233.04,233.045,0.005,0.8454
2276,244.475,244.55,0.075,0.8454
2277,685.9,685.905,0.005,0.8454
2278,676.67,676.745,0.075,0.8453
2279,570.835,570.845,0.01,0.8453
2280,116.63,116.635,0.005,0.8449
2281,841.155,841.245,0.09,0.8449
2282,66.77,66.775,0.005,0.8449
2283,159.325,159.36,0.035,0.8448
2284,437.29,437.32,0.03,0.8447
2285,655.82,655.825,0.005,0.8447
2286,63.64,63.645,0.005,0.8441
2287,168.67,168.675,0.005,0.8439
2288,47.805,47.81,0.005,0.8438
2289,263.115,263.12,0.005,0.8436
2290,8.36,8.365,0.005,0.8436
2291,262.895,262.93,0.035,0.8433
2292,291.18,291.185,0.005,0.8433
2293,685.2,685.205,0.005,0.8431
2294,102.1,102.105,0.005,0.8427
2295,247.73,247.805,0.075,0.8427
2296,235.205,235.21,0.005,0.8427
2297,706.455,706.51,0.055,0.8425
2298,428.29,428.295,0.005,0.8423
2299,617.735,617.74,0.005,0.842
2300,49.475,49.5,0.025,0.8412
2301,230.01,230.015,0.005,0.8406
2302,9.04,9.045,0.005,0.8403
2303,70.505,70.51,0.005,0.8402
2304,387.655,387.66,0.005,0.8402
2305,315.12,315.125,0.005,0.8401
2306,181.81,181.815,0.005,0.8401
2307,192.84,192.845,0.005,0.8399
2308,503.315,503.32,0.005,0.8396
2309,243.91,243.99,0.08,0.8395
2310,115.165,115.17,0.005,0.8394
2311,167.27,167.275,0.005,0.8394
2312,428.555,428.56,0.005,0.8394
2313,391.37,391.485,0.115,0.8391
2314,891.285,891.29,0.005,0.8388
2315,346.315,346.32,0.005,0.8382
2316,273.625,273.715,0.09,0.838
2317,430.085,430.15,0.065,0.838
2318,195.68,195.7,0.02,0.8379
2319,526.72,526.725,0.005,0.8378
2320,345.265,345.28,0.015,0.8376
2321,134.39,134.405,0.015,0.8375
2322,19.455,19.46,0.005,0.8364
2323,255.885,255.89,0.005,0.8363
2324,8.71,8.745,0.035,0.836
2325,254.04,254.115,0.075,0.836
2326,57.565,57.59,0.025,0.8359
2327,255.565,255.58,0.015,0.8358
2328,424.37,424.41,0.04,0.8358
2329,31.185,31.26,0.075,0.8357
2330,224.335,224.34,0.005,0.8352
2331,117.02,117.055,0.035,0.8348
2332,94.425,94.525,0.1,0.8346
2333,510.365,510.46,0.095,0.8345
2334,157.375,157.48,0.105,0.8345
2335,204.255,204.26,0.005,0.8344
2336,101.315,101.355,0.04,0.8342
2337,671.82,671.825,0.005,0.834
2338,17.8,17.805,0.005,0.8335
2339,220.455,220.485,0.03,0.8331
2340,221.145,221.15,0.005,0.8327
2341,330.88,330.97,0.09,0.8326
2342,640.48,640.57,0.09,0.8325
2343,325.725,325.73,0.005,0.8323
2344,422.53,422.555,0.025,0.8322
2345,27.8,27.805,0.005,0.8321
2346,65.89,65.895,0.005,0.8319
2347,239.16,239.165,0.005,0.8312
2348,1192.405,1192.48,0.075,0.8309
2349,451.08,451.18,0.1,0.8308
2350,80.46,80.49,0.03,0.8306
2351,107.975,108.01,0.035,0.8304
2352,129.045,129.15,0.105,0.8303
2353,17.58,17.585,0.005,0.8301
2354,501.255,501.26,0.005,0.8301
2355,78.775,78.88,0.105,0.83
2356,523.165,523.21,0.045,0.8297
2357,576.925,577.0,0.075,0.8297
2358,432.635,432.64,0.005,0.8296
2359,941.055,941.145,0.09,0.8296
2360,173.045,173.145,0.1,0.8293
2361,153.905,154.01,0.105,0.8293
2362,136.16,136.205,0.045,0.8292
2363,39.12,39.125,0.005,0.8291
2364,187.365,187.38,0.015,0.8291
2365,165.15,165.155,0.005,0.8284
2366,714.22,714.31,0.09,0.8281
2367,559.805,559.91,0.105,0.828
2368,208.0,208.04,0.04,0.8275
2369,285.14,285.145,0.005,0.8274
2370,56.375,56.44,0.065,0.8269
2371,172.205,172.31,0.105,0.8265
2372,441.845,441.85,0.005,0.8264
2373,241.76,241.855,0.095,0.8262
2374,70.605,70.65,0.045,0.8261
2375,174.36,174.365,0.005,0.8261
2376,427.745,427.765,0.02,0.826
2377,98.92,99.025,0.105,0.825
2378,331.02,331.025,0.005,0.8248
2379,395.04,395.12,0.08,0.8246
2380,24.1,24.105,0.005,0.8246
2381,250.965,251.04,0.075,0.8244
2382,162.595,162.61,0.015,0.8244
2383,109.73,109.815,0.085,0.8242
2384,104.965,105.06,0.095,0.8241
2385,422.0,422.02,0.02,0.824
2386,54.575,54.68,0.105,0.8238
2387,510.69,510.79,0.1,0.8238
2388,97.1,97.205,0.105,0.8236
2389,636.165,636.24,0.075,0.8235
2390,191.86,191.865,0.005,0.8229
2391,99.76,99.865,0.105,0.8223
2392,260.315,260.325,0.01,0.822
2393,144.955,145.06,0.105,0.8219
2394,351.375,351.43,0.055,0.8217
2395,927.975,928.07,0.095,0.8217
2396,446.02,446.025,0.005,0.8215
2397,463.405,463.41,0.005,0.8214
2398,11.635,11.64,0.005,0.8212
2399,177.16,177.17,0.01,0.8205
2400,1201.68,1201.775,0.095,0.8202
2401,287.235,287.25,0.015,0.8199
2402,243.13,243.155,0.025,0.8198
2403,519.47,519.555,0.085,0.8195
2404,492.03,492.05,0.02,0.8194
2405,74.26,74.365,0.105,0.8186
2406,532.82,532.91,0.09,0.8186
2407,584.665,584.68,0.015,0.8186
2408,58.455,58.46,0.005,0.8178
2409,140.235,140.27,0.035,0.8174
2410,285.035,285.06,0.025,0.8172
2411,651.775,651.88,0.105,0.8168
2412,690.795,690.9,0.105,0.8167
2413,904.66,904.765,0.105,0.8163
2414,915.11,915.235,0.125,0.8153
2415,927.255,927.33,0.075,0.8147
2416,87.785,87.89,0.105,0.8143
2417,715.02,715.125,0.105,0.814
2418,19.945,20.05,0.105,0.8138
2419,424.125,424.13,0.005,0.8138
2420,30.795,30.81,0.015,0.8136
2421,77.395,77.49,0.095,0.8135
2422,628.84,628.935,0.095,0.8135
2423,287.16,287.17,0.01,0.8131
2424,164.3,164.31,0.01,0.8116
2425,188.68,188.765,0.085,0.8109
2426,11.715,11.72,0.005,0.8104
2427,128.805,128.93,0.125,0.8101
2428,91.125,91.23,0.105,0.81
2429,205.255,205.26,0.005,0.8098
2430,498.81,498.885,0.075,0.8096
2431,441.905,441.91,0.005,0.8095
2432,5.615,5.71,0.095,0.8095
2433,246.96,247.065,0.105,0.8095
2434,121.315,121.42,0.105,0.8095
2435,50.245,50.28,0.035,0.8094
2436,156.695,156.77,0.075,0.8089
2437,741.265,741.37,0.105,0.8087
2438,521.13,521.17,0.04,0.8084
2439,133.37,133.45,0.08,0.8077
2440,353.43,353.435,0.005,0.8076
2441,501.395,501.4,0.005,0.8075
2442,160.44,160.445,0.005,0.8075
2443,271.455,271.48,0.025,0.8074
2444,10.04,10.045,0.005,0.8062
2445,454.88,454.885,0.005,0.8057
2446,427.295,427.33,0.035,0.8057
2447,18.22,18.225,0.005,0.8057
2448,73.88,73.985,0.105,0.8054
2449,210.675,210.68,0.005,0.8053
2450,126.54,126.66,0.12,0.8049
2451,45.855,45.86,0.005,0.8041
2452,239.245,239.25,0.005,0.804
2453,529.495,529.64,0.145,0.8039
2454,518.74,518.79,0.05,0.8031
2455,568.515,568.62,0.105,0.8031
2456,93.175,93.295,0.12,0.8028
2457,125.87,126.035,0.165,0.8028
2458,263.84,263.92,0.08,0.8025
2459,88.665,88.77,0.105,0.8022
2460,2.28,2.33,0.05,0.8022
2461,275.47,275.475,0.005,0.8015
2462,314.805,314.815,0.01,0.7997
2463,65.71,65.785,0.075,0.799
2464,307.895,307.9,0.005,0.7989
2465,175.92,176.045,0.125,0.7988
2466,422.825,422.865,0.04,0.798
2467,1055.345,1055.365,0.02,0.7974
2468,444.48,444.49,0.01,0.7972
2469,537.98,538.025,0.045,0.7972
2470,240.32,240.465,0.145,0.7966
2471,282.055,282.06,0.005,0.7963
2472,254.81,254.935,0.125,0.7961
2473,426.82,426.86,0.04,0.7958
2474,236.615,236.71,0.095,0.7958
2475,269.585,269.63,0.045,0.7957
2476,913.47,913.595,0.125,0.795
2477,534.925,534.97,0.045,0.7948
2478,55.525,55.62,0.095,0.7945
2479,258.77,258.78,0.01,0.7943
2480,237.465,237.56,0.095,0.7942
2481,94.285,94.36,0.075,0.7937
2482,259.1,259.225,0.125,0.7936
2483,428.975,428.98,0.005,0.7933
2484,289.09,289.1,0.01,0.7929
2485,50.07,50.1,0.03,0.7919
2486,529.315,529.44,0.125,0.7918
2487,171.805,171.92,0.115,0.7909
2488,77.995,78.1,0.105,0.7897
2489,738.48,738.5,0.02,0.7896
2490,145.115,145.28,0.165,0.7893
2491,537.72,537.775,0.055,0.7884
2492,64.52,64.635,0.115,0.7881
2493,307.445,307.495,0.05,0.7881
2494,29.67,29.69,0.02,0.7878
2495,247.99,248.065,0.075,0.7872
2496,222.03,222.04,0.01,0.7871
2497,60.84,60.85,0.01,0.7863
2498,128.495,128.51,0.015,0.7859
2499,653.295,653.36,0.065,0.7856
2500,278.095,278.105,0.01,0.7856
2501,434.83,434.885,0.055,0.785
2502,890.955,891.1,0.145,0.7848
2503,128.625,128.75,0.125,0.7847
2504,134.25,134.335,0.085,0.7833
2505,432.9,433.005,0.105,0.7828
2506,43.52,43.565,0.045,0.782
2507,892.055,892.18,0.125,0.7817
2508,148.055,148.2,0.145,0.7815
2509,112.03,112.155,0.125,0.7804
2510,415.12,415.13,0.01,0.7801
2511,127.305,127.31,0.005,0.7797
2512,656.11,656.235,0.125,0.7791
2513,192.02,192.03,0.01,0.7783
2514,523.085,523.11,0.025,0.7783
2515,90.285,90.43,0.145,0.7782
2516,136.0,136.105,0.105,0.7777
2517,628.51,628.635,0.125,0.7775
2518,282.585,282.605,0.02,0.777
2519,554.69,554.755,0.065,0.7768
2520,2.955,3.04,0.085,0.7765
2521,0.185,0.19,0.005,0.7765
2522,325.78,325.89,0.11,0.7759
2523,681.505,681.62,0.115,0.7757
2524,235.89,236.0,0.11,0.7757
2525,504.205,504.35,0.145,0.7756
2526,351.805,351.92,0.115,0.7754
2527,563.46,563.585,0.125,0.7753
2528,151.76,151.78,0.02,0.7751
2529,246.055,246.17,0.115,0.775
2530,30.135,30.19,0.055,0.7745
2531,131.285,131.41,0.125,0.7737
2532,307.645,307.71,0.065,0.7728
2533,350.12,350.21,0.09,0.7726
2534,140.815,140.94,0.125,0.7725
2535,1149.995,1150.12,0.125,0.7724
2536,251.385,251.53,0.145,0.7706
2537,50.475,50.48,0.005,0.7706
2538,17.66,17.69,0.03,0.7694
2539,263.6,263.695,0.095,0.7691
2540,105.735,105.86,0.125,0.7691
2541,143.105,143.22,0.115,0.7687
2542,71.325,71.38,0.055,0.7684
2543,655.93,656.055,0.125,0.7677
2544,117.72,117.825,0.105,0.7675
2545,692.635,692.75,0.115,0.7673
2546,545.235,545.27,0.035,0.7673
2547,98.68,98.825,0.145,0.7671
2548,658.435,658.58,0.145,0.7665
2549,655.2,655.315,0.115,0.7663
2550,155.095,155.24,0.145,0.766
2551,98.51,98.635,0.125,0.7652
2552,48.715,48.84,0.125,0.7649
2553,353.125,353.18,0.055,0.7642
2554,157.855,158.0,0.145,0.764
2555,738.79,738.815,0.025,0.7628
2556,61.0,61.04,0.04,0.7626
2557,663.525,663.64,0.115,0.7624
2558,1055.66,1055.755,0.095,0.7612
2559,453.13,453.155,0.025,0.7611
2560,516.185,516.3,0.115,0.7607
2561,168.51,168.565,0.055,0.7604
2562,150.19,150.33,0.14,0.7603
2563,500.525,500.65,0.125,0.7593
2564,234.785,234.9,0.115,0.7586
2565,162.655,162.665,0.01,0.7586
2566,105.115,105.24,0.125,0.7583
2567,29.595,29.62,0.025,0.758
2568,8.61,8.645,0.035,0.7577
2569,279.095,279.25,0.155,0.7577
2570,16.41,16.455,0.045,0.7575
2571,117.885,118.065,0.18,0.7574
2572,171.625,171.74,0.115,0.7573
2573,930.96,931.075,0.115,0.7568
2574,110.72,110.835,0.115,0.7565
2575,158.195,158.36,0.165,0.7549
2576,97.29,97.405,0.115,0.7549
2577,101.44,101.565,0.125,0.7544
2578,128.37,128.44,0.07,0.7541
2579,118.13,118.285,0.155,0.7539
2580,70.425,70.46,0.035,0.7538
2581,90.645,90.79,0.145,0.753
2582,492.155,492.22,0.065,0.7526
2583,91.885,92.0,0.115,0.752
2584,108.715,108.895,0.18,0.752
2585,428.035,428.04,0.005,0.7512
2586,180.89,180.985,0.095,0.7508
2587,33.33,33.35,0.02,0.7508
2588,20.74,20.75,0.01,0.7505
2589,117.22,117.335,0.115,0.749
2590,68.235,68.25,0.015,0.7489
2591,545.315,545.36,0.045,0.7488
2592,240.62,240.775,0.155,0.7486
2593,560.775,560.91,0.135,0.7485
2594,237.605,237.72,0.115,0.7479
2595,445.09,445.1,0.01,0.7477
2596,1209.25,1209.26,0.01,0.7475
2597,436.875,436.88,0.005,0.7474
2598,1195.245,1195.355,0.11,0.7473
2599,436.385,436.395,0.01,0.7459
2600,1.325,1.34,0.015,0.7455
2601,90.085,90.23,0.145,0.7454
2602,923.22,923.315,0.095,0.7453
2603,195.195,195.205,0.01,0.7453
2604,510.515,510.645,0.13,0.7441
2605,644.355,644.485,0.13,0.7441
2606,144.635,144.76,0.125,0.7432
2607,687.09,687.255,0.165,0.7422
2608,125.31,125.495,0.185,0.7413
2609,1.715,1.79,0.075,0.7413
2610,79.055,79.14,0.085,0.741
2611,259.755,259.795,0.04,0.7402
2612,559.105,559.26,0.155,0.7395
2613,493.965,494.0,0.035,0.739
2614,123.1,123.22,0.12,0.7382
2615,78.495,78.68,0.185,0.7381
2616,45.605,45.66,0.055,0.7374
2617,144.275,144.5,0.225,0.7357
2618,647.1,647.25,0.15,0.7356
2619,289.22,289.23,0.01,0.7336
2620,99.36,99.545,0.185,0.7334
2621,136.26,136.385,0.125,0.7312
2622,515.635,515.82,0.185,0.7309
2623,1150.73,1150.885,0.155,0.7302
2624,713.58,713.725,0.145,0.73
2625,328.885,328.935,0.05,0.7296
2626,12.775,12.785,0.01,0.7288
2627,149.355,149.54,0.185,0.7287
2628,496.53,496.655,0.125,0.7286
2629,126.09,126.335,0.245,0.728
2630,288.81,288.895,0.085,0.7268
2631,101.76,101.925,0.165,0.7265
2632,178.07,178.24,0.17,0.7264
2633,0.045,0.11,0.065,0.7259
2634,92.565,92.58,0.015,0.7254
2635,534.805,534.85,0.045,0.7242
2636,658.735,658.89,0.155,0.7221
2637,181.55,181.735,0.185,0.722
2638,335.545,335.57,0.025,0.7208
2639,99.98,100.165,0.185,0.7207
2640,268.65,268.71,0.06,0.7202
2641,426.925,426.975,0.05,0.7197
2642,550.58,550.79,0.21,0.7194
2643,125.09,125.265,0.175,0.7188
2644,24.8,24.86,0.06,0.7183
2645,652.515,652.68,0.165,0.7176
2646,108.18,108.195,0.015,0.7169
2647,287.83,287.885,0.055,0.7156
2648,890.775,890.91,0.135,0.7144
2649,111.47,111.695,0.225,0.7141
2650,145.455,145.68,0.225,0.7129
2651,207.73,207.74,0.01,0.7125
2652,180.55,180.6,0.05,0.7118
2653,135.12,135.265,0.145,0.7118
2654,241.92,242.095,0.175,0.7117
2655,344.605,344.61,0.005,0.7115
2656,45.985,46.05,0.065,0.7113
2657,113.865,114.05,0.185,0.7111
2658,178.315,178.48,0.165,0.711
2659,546.925,546.985,0.06,0.7107
2660,1194.9,1195.055,0.155,0.7104
2661,51.575,51.74,0.165,0.7096
2662,472.655,472.67,0.015,0.7093
2663,155.845,156.05,0.205,0.7083
2664,97.94,98.115,0.175,0.708
2665,180.675,180.835,0.16,0.7078
2666,58.765,58.965,0.2,0.7069
2667,923.8,924.065,0.265,0.7067
2668,313.785,313.79,0.005,0.7066
2669,331.08,331.155,0.075,0.7061
2670,148.265,148.48,0.215,0.706
2671,123.67,123.68,0.01,0.7043
2672,186.545,186.64,0.095,0.7032
2673,182.14,182.295,0.155,0.7029
2674,123.465,123.475,0.01,0.7015
2675,10.725,10.735,0.01,0.7007
2676,62.52,62.865,0.345,0.7003
2677,130.245,130.4,0.155,0.6987
2678,113.335,113.51,0.175,0.6978
2679,149.695,149.87,0.175,0.697
2680,558.705,558.955,0.25,0.6958
2681,352.19,352.26,0.07,0.6958
2682,281.195,281.205,0.01,0.695
2683,85.24,85.485,0.245,0.6949
2684,117.48,117.675,0.195,0.6948
2685,33.82,33.86,0.04,0.6938
2686,121.925,122.18,0.255,0.6934
2687,424.575,424.63,0.055,0.693
2688,114.845,115.05,0.205,0.6924
2689,92.265,92.515,0.25,0.6924
2690,88.435,88.62,0.185,0.6921
2691,152.935,153.28,0.345,0.692
2692,425.17,425.18,0.01,0.6917
2693,138.515,138.625,0.11,0.6908
2694,178.525,178.68,0.155,0.6899
2695,122.335,122.53,0.195,0.6893
2696,923.36,923.585,0.225,0.6891
2697,252.48,252.765,0.285,0.6882
2698,150.475,150.745,0.27,0.688
2699,439.985,439.995,0.01,0.6876
2700,113.555,113.8,0.245,0.6873
2701,334.98,335.15,0.17,0.6861
2702,415.62,415.64,0.02,0.6854
2703,437.835,437.845,0.01,0.6847
2704,60.655,60.73,0.075,0.6836
2705,272.355,272.535,0.18,0.6835
2706,93.765,93.955,0.19,0.6817
2707,499.9,499.93,0.03,0.6811
2708,505.015,505.17,0.155,0.6807
2709,238.22,238.34,0.12,0.6803
2710,2.875,2.9,0.025,0.6795
2711,148.915,149.195,0.28,0.6792
2712,8.84,8.865,0.025,0.6785
2713,546.625,546.65,0.025,0.6762
2714,548.52,548.675,0.155,0.6761
2715,154.295,154.64,0.345,0.6758
2716,905.06,905.265,0.205,0.6752
2717,143.265,143.605,0.34,0.6735
2718,98.16,98.445,0.285,0.6723
2719,472.175,472.2,0.025,0.671
2720,73.68,73.785,0.105,0.6707
2721,122.575,122.63,0.055,0.6701
2722,1201.345,1201.555,0.21,0.6689
2723,52.235,52.38,0.145,0.6675
2724,172.365,172.67,0.305,0.6674
2725,119.51,119.685,0.175,0.6663
2726,428.195,428.21,0.015,0.6654
2727,155.53,155.79,0.26,0.6631
2728,77.755,77.94,0.185,0.6631
2729,107.7,107.715,0.015,0.663
2730,388.455,388.46,0.005,0.6628
2731,25.19,25.245,0.055,0.6606
2732,53.275,53.44,0.165,0.6599
2733,160.115,160.34,0.225,0.6596
2734,135.46,135.585,0.125,0.6596
2735,52.075,52.16,0.085,0.6589
2736,1192.74,1192.965,0.225,0.6573
2737,525.54,525.625,0.085,0.6549
2738,657.975,658.28,0.305,0.6546
2739,151.295,151.55,0.255,0.6529
2740,526.38,526.465,0.085,0.652
2741,143.655,144.08,0.425,0.6499
2742,21.1,21.2,0.1,0.6496
2743,522.665,522.73,0.065,0.6488
2744,153.395,153.68,0.285,0.6487
2745,87.955,88.27,0.315,0.6483
2746,924.46,924.775,0.315,0.6464
2747,1194.015,1194.4,0.385,0.6457
2748,179.115,179.46,0.345,0.6443
2749,112.635,112.675,0.04,0.6421
2750,116.775,116.965,0.19,0.6416
2751,508.58,508.715,0.135,0.6415
2752,185.92,186.03,0.11,0.6405
2753,442.13,442.195,0.065,0.6367
2754,1194.47,1194.72,0.25,0.6345
2755,557.93,558.29,0.36,0.6326
2756,19.76,19.88,0.12,0.6301
2757,114.105,114.35,0.245,0.6286
2758,528.775,529.19,0.415,0.6263
2759,443.4,443.435,0.035,0.6256
2760,432.475,432.48,0.005,0.6252
2761,147.395,147.8,0.405,0.625
2762,141.915,142.22,0.305,0.6217
2763,8.46,8.565,0.105,0.6203
2764,94.8,95.005,0.205,0.6202
2765,142.695,143.06,0.365,0.6185
2766,97.63,97.885,0.255,0.6177
2767,446.395,446.42,0.025,0.6175
2768,110.49,110.675,0.185,0.6151
2769,45.16,45.265,0.105,0.614
2770,408.3,408.325,0.025,0.6131
2771,69.365,69.47,0.105,0.6125
2772,57.095,57.1,0.005,0.6065
2773,287.015,287.085,0.07,0.6052
2774,13.115,13.14,0.025,0.6045
2775,171.145,171.38,0.235,0.6041
2776,15.935,15.985,0.05,0.6032
2777,184.865,185.09,0.225,0.6026
2778,288.19,288.225,0.035,0.6016
2779,91.285,91.43,0.145,0.5967
2780,28.33,28.345,0.015,0.5956
2781,9.95,9.995,0.045,0.5942
2782,430.28,430.355,0.075,0.5929
2783,151.825,152.16,0.335,0.5895
2784,33.975,34.08,0.105,0.5845
2785,134.46,134.665,0.205,0.5843
2786,261.92,261.96,0.04,0.583
2787,488.61,488.63,0.02,0.5817
2788,133.96,134.205,0.245,0.5808
2789,236.235,236.45,0.215,0.57
2790,463.475,463.53,0.055,0.5668
2791,415.055,415.075,0.02,0.5652
2792,247.21,247.415,0.205,0.5649
2793,243.7,243.855,0.155,0.5623
2794,445.33,445.38,0.05,0.5611
2795,142.265,142.64,0.375,0.5564
2796,420.11,420.245,0.135,0.556
2797,245.485,245.92,0.435,0.5542
2798,148.535,148.86,0.325,0.5534
2799,490.635,490.75,0.115,0.5522
2800,161.435,161.56,0.125,0.5499
2801,451.855,452.135,0.28,0.5488
2802,114.605,114.79,0.185,0.5439
2803,534.31,534.68,0.37,0.5413
2804,557.365,557.865,0.5,0.5397
2805,79.415,79.54,0.125,0.5393
2806,49.96,50.02,0.06,0.535
2807,440.985,441.3,0.315,0.5317
2808,110.16,110.425,0.265,0.5308
2809,420.325,420.495,0.17,0.5273
2810,439.445,439.595,0.15,0.5256
2811,1055.42,1055.595,0.175,0.517
2812,102.455,102.605,0.15,0.5163
2813,428.355,428.46,0.105,0.5115
2814,129.745,130.245,0.5,0.5101
2815,556.865,557.365,0.5,0.5088
2816,53.875,54.27,0.395,0.5086
2817,439.235,439.31,0.075,0.5058
2818,423.635,423.65,0.015,0.5054
2819,546.695,546.8,0.105,0.5013
2820,443.245,443.345,0.1,0.496
2821,30.24,30.38,0.14,0.4958
2822,146.895,147.395,0.5,0.4933
2823,491.24,491.35,0.11,0.4903
2824,352.69,353.07,0.38,0.4872
2825,555.865,556.365,0.5,0.4853
2826,124.59,125.09,0.5,0.4842
2827,90.505,90.6,0.095,0.484
2828,439.64,439.7,0.06,0.4837
2829,150.79,151.15,0.36,0.4825
2830,422.945,423.145,0.2,0.4807
2831,556.365,556.865,0.5,0.4758
2832,51.815,52.03,0.215,0.4685
2833,152.435,152.935,0.5,0.4652
2834,475.9,476.015,0.115,0.4632
2835,82.65,82.935,0.285,0.4582
2836,518.075,518.155,0.08,0.4559
2837,554.53,554.645,0.115,0.4524
2838,113.015,113.27,0.255,0.451
2839,414.16,414.195,0.035,0.4496
2840,109.35,109.665,0.315,0.436
2841,269.375,269.45,0.075,0.4234
2842,118.34,118.805,0.465,0.4234
2843,266.93,267.045,0.115,0.4148
2844,156.935,157.22,0.285,0.4122
2845,332.655,332.75,0.095,0.4121
2846,442.385,442.465,0.08,0.4082
2847,519.06,519.195,0.135,0.4009
2848,423.91,424.045,0.135,0.3998
2849,335.655,335.875,0.22,0.3994
2850,115.905,116.255,0.35,0.397
2851,532.585,532.695,0.11,0.3904
2852,424.79,424.94,0.15,0.3882
2853,555.365,555.865,0.5,0.3847
2854,430.94,431.44,0.5,0.3822
2855,89.645,89.92,0.275,0.3812
2856,286.835,286.965,0.13,0.3788
2857,430.44,430.94,0.5,0.3754
2858,431.44,431.69,0.25,0.3751
2859,45.31,45.49,0.18,0.3739
2860,423.355,423.58,0.225,0.369
2861,145.835,146.335,0.5,0.3679
2862,427.03,427.17,0.14,0.3674
2863,10.42,10.605,0.185,0.3633
2864,491.7,491.85,0.15,0.3594
2865,427.455,427.685,0.23,0.3564
2866,100.32,100.505,0.185,0.3525
2867,11.11,11.37,0.26,0.3471
2868,431.755,432.125,0.37,0.3438
2869,414.44,414.85,0.41,0.3428
2870,141.415,141.915,0.5,0.3312
2871,426.505,426.765,0.26,0.3211
2872,13.71,13.84,0.13,0.3191
2873,146.335,146.835,0.5,0.3098
2874,419.61,420.11,0.5,0.3083
2875,1056.35,1056.675,0.325,0.3079
2876,454.345,454.48,0.135,0.3048
2877,353.485,353.75,0.265,0.3047
2878,426.005,426.505,0.5,0.2967
2879,12.515,12.7,0.185,0.29
2880,268.065,268.22,0.155,0.2885
2881,89.125,89.6,0.475,0.2861
2882,425.505,426.005,0.5,0.2807
2883,52.635,53.12,0.485,0.2793
2884,492.37,492.52,0.15,0.2696
2885,444.66,444.76,0.1,0.2634
2886,429.085,429.585,0.5,0.2421
2887,429.585,430.085,0.5,0.1896
2888,554.03,554.53,0.5,0.1708
