start_s,end_s,duration_s,class,confidence
0.0,0.005,0.005,click,0.8834
59.59,59.595,0.005,click,0.8212
89.03,89.035,0.005,click,0.7335
90.57,90.575,0.005,click,0.8149
99.2,99.205,0.005,click,0.8443
178.33,178.335,0.005,click,0.8334
226.495,226.5,0.005,click,0.5465
299.405,299.42,0.015,click,0.5963
300.345,300.35,0.005,click,0.8264
345.47,345.475,0.005,click,0.8607
438.09,438.095,0.005,click,0.8539
483.155,483.16,0.005,click,0.8887
527.075,527.08,0.005,click,0.8336
547.2,547.205,0.005,click,0.7435
576.135,576.14,0.005,click,0.8451
590.035,590.04,0.005,water,0.5161
624.76,624.765,0.005,click,0.8176
675.835,675.84,0.005,click,0.8104
706.86,706.865,0.005,click,0.5449
726.15,726.155,0.005,click,0.8359
825.73,825.735,0.005,click,0.847
837.79,837.795,0.005,click,0.8763
850.225,850.23,0.005,click,0.7653
971.28,971.285,0.005,click,0.8926
973.415,973.42,0.005,click,0.5506
1067.16,1067.165,0.005,click,0.8069
1075.615,1075.62,0.005,click,0.86
1076.515,1076.52,0.005,click,0.8979
1089.145,1089.15,0.005,click,0.7718
1157.725,1157.73,0.005,click,0.8531
1157.74,1157.745,0.005,click,0.8973
1178.47,1178.475,0.005,click,0.8632
1178.485,1178.49,0.005,click,0.8741
1180.92,1180.925,0.005,click,0.8862
1184.0,1184.005,0.005,click,0.8101
1195.855,1195.86,0.005,click,0.8196
1195.87,1195.875,0.005,click,0.8897
1208.1,1208.105,0.005,click,0.832
1255.905,1255.91,0.005,click,0.8171
1304.065,1304.07,0.005,click,0.8369
1311.38,1311.385,0.005,click,0.6995
1374.77,1374.775,0.005,click,0.8268
1401.625,1401.63,0.005,click,0.8172
1495.5,1495.505,0.005,click,0.6436
1518.41,1518.415,0.005,click,0.8995
1608.8,1608.805,0.005,click,0.7096
1614.015,1614.02,0.005,click,0.676
1614.08,1614.095,0.015,water,0.8946
1614.13,1614.145,0.015,water,0.9346
1614.19,1614.195,0.005,click,0.7945
1614.26,1614.28,0.02,water,0.9462
1614.325,1614.33,0.005,click,0.8402
1614.385,1614.39,0.005,click,0.691
1614.455,1614.47,0.015,water,0.9077
1614.52,1614.525,0.005,click,0.7367
1614.535,1614.54,0.005,click,0.7557
1614.595,1614.605,0.01,water,0.8728
1614.635,1614.64,0.005,click,0.677
1614.665,1614.675,0.01,water,0.7956
1614.715,1614.735,0.02,water,0.9722
1614.775,1614.805,0.03,water,0.9882
1614.84,1614.845,0.005,click,0.436
1614.855,1614.86,0.005,click,0.7693
1614.89,1614.925,0.035,water,0.9922
1654.52,1654.525,0.005,click,0.7189
1673.3,1673.305,0.005,click,0.5925
1704.47,1704.475,0.005,click,0.7473
1752.85,1752.855,0.005,click,0.7807
1777.98,1777.985,0.005,click,0.651
1806.93,1806.935,0.005,click,0.6801
1812.29,1812.295,0.005,click,0.6669
1813.44,1813.445,0.005,click,0.8287
1815.215,1815.225,0.01,water,0.8344
1819.075,1819.095,0.02,water,0.5435
1819.105,1819.12,0.015,water,0.5443
1819.13,1819.135,0.005,click,0.8644
1819.145,1819.2,0.055,vocal,0.5773
1819.225,1819.305,0.08,vocal,0.9042
1819.32,1819.36,0.04,water,0.5126
1819.37,1819.47,0.1,vocal,0.7368
1819.48,1819.525,0.045,vocal,0.6712
1819.535,1819.56,0.025,water,0.5599
1819.585,1819.62,0.035,water,0.7346
1819.63,1819.69,0.06,water,0.7671
1819.72,1819.725,0.005,click,0.8759
1819.755,1819.765,0.01,water,0.5159
1819.78,1819.795,0.015,water,0.5276
1819.805,1819.81,0.005,click,0.8632
1819.82,1819.825,0.005,click,0.8819
1819.85,1819.905,0.055,vocal,0.5044
1819.915,1819.935,0.02,water,0.6137
1819.945,1819.96,0.015,water,0.6802
1820.01,1820.02,0.01,water,0.8272
1820.07,1820.075,0.005,click,0.8282
1820.145,1820.15,0.005,click,0.8095
1820.17,1820.175,0.005,click,0.8701
1820.185,1820.2,0.015,water,0.6812
1820.255,1820.27,0.015,water,0.7203
1820.29,1820.295,0.005,click,0.8811
1820.365,1820.38,0.015,water,0.918
1820.555,1820.56,0.005,click,0.8667
1820.77,1820.775,0.005,click,0.8857
1820.835,1820.84,0.005,click,0.8793
1820.98,1820.99,0.01,water,0.5744
1821.02,1821.025,0.005,click,0.8806
1821.12,1821.125,0.005,click,0.8666
1821.2,1821.205,0.005,click,0.8839
1821.215,1821.23,0.015,water,0.7252
1821.295,1821.3,0.005,click,0.8585
1821.385,1821.39,0.005,click,0.8642
1821.6,1821.605,0.005,click,0.8268
1821.665,1821.685,0.02,water,0.7797
1821.7,1821.71,0.01,water,0.4101
1821.775,1821.78,0.005,click,0.7722
1821.815,1821.825,0.01,click,0.4584
1821.935,1821.94,0.005,click,0.8825
1821.965,1821.97,0.005,click,0.8567
1822.015,1822.025,0.01,water,0.8649
1822.1,1822.12,0.02,water,0.7595
1822.2,1822.21,0.01,water,0.4229
1822.36,1822.365,0.005,click,0.8721
1822.4,1822.42,0.02,water,0.6609
1822.48,1822.485,0.005,click,0.8445
1822.525,1822.535,0.01,water,0.8212
1822.64,1822.65,0.01,water,0.6
1822.66,1822.665,0.005,click,0.8793
1822.695,1822.705,0.01,water,0.4605
1822.73,1822.745,0.015,water,0.5903
1822.755,1822.76,0.005,click,0.8714
1822.885,1822.91,0.025,water,0.7005
1822.925,1822.955,0.03,water,0.4896
1822.985,1822.99,0.005,click,0.5676
1823.035,1823.045,0.01,water,0.5469
1823.055,1823.1,0.045,vocal,0.6119
1823.255,1823.26,0.005,click,0.8563
1823.27,1823.275,0.005,click,0.8462
1823.3,1823.305,0.005,click,0.8995
1823.44,1823.445,0.005,click,0.9085
1823.465,1823.47,0.005,click,0.8451
1823.54,1823.545,0.005,click,0.8981
1823.635,1823.65,0.015,water,0.7799
1823.995,1824.005,0.01,water,0.8738
1824.07,1824.075,0.005,click,0.8274
1824.185,1824.21,0.025,water,0.5815
1824.435,1824.445,0.01,water,0.9733
1824.785,1824.795,0.01,water,0.9645
1825.16,1825.185,0.025,water,0.9783
1825.24,1825.245,0.005,click,0.8281
1825.255,1825.265,0.01,water,0.9275
1825.31,1825.33,0.02,water,0.9384
1825.365,1825.865,0.5,other,0.4305
1825.865,1826.365,0.5,other,0.6485
1826.365,1826.865,0.5,water,0.74
1826.865,1827.365,0.5,other,0.6652
1827.365,1827.865,0.5,other,0.5074
1827.865,1828.365,0.5,other,0.7077
1828.365,1828.865,0.5,water,0.7339
1828.865,1829.365,0.5,water,0.6075
1829.365,1829.865,0.5,other,0.5809
1829.865,1830.365,0.5,other,0.4897
1830.365,1830.865,0.5,water,0.707
1830.865,1831.365,0.5,other,0.7004
1831.365,1831.865,0.5,other,0.7955
1831.865,1832.365,0.5,other,0.4765
1832.365,1832.865,0.5,other,0.5192
1832.865,1833.365,0.5,water,0.9123
1833.365,1833.865,0.5,water,0.686
1833.865,1834.365,0.5,other,0.5007
1834.365,1834.865,0.5,water,0.646
1834.865,1835.365,0.5,water,0.811
1835.365,1835.41,0.045,water,0.662
1835.425,1835.485,0.06,water,0.67
1835.51,1835.535,0.025,water,0.9779
1835.585,1835.69,0.105,water,0.412
1835.7,1835.705,0.005,click,0.8534
1835.73,1835.755,0.025,water,0.6452
1835.775,1835.85,0.075,vocal,0.6947
1835.865,1835.875,0.01,water,0.8128
1835.93,1835.935,0.005,click,0.8313
1835.95,1835.995,0.045,water,0.8698
1836.005,1836.01,0.005,click,0.8742
1836.105,1836.11,0.005,click,0.8759
1836.125,1836.13,0.005,click,0.8642
1836.255,1836.27,0.015,water,0.9938
1836.375,1836.39,0.015,water,0.9648
1836.455,1836.46,0.005,click,0.7431
1836.495,1836.51,0.015,water,0.884
1836.55,1836.555,0.005,click,0.5982
1837.075,1837.08,0.005,click,0.7122
1837.17,1837.185,0.015,water,0.9392
1838.36,1838.37,0.01,water,0.8876
1839.045,1839.05,0.005,click,0.6318
1839.405,1839.415,0.01,water,0.8303
1840.46,1840.465,0.005,click,0.6887
1842.09,1842.12,0.03,water,0.9814
1842.18,1842.215,0.035,water,0.997
1842.26,1842.285,0.025,water,0.9906
1842.295,1842.305,0.01,water,0.8008
1842.62,1842.625,0.005,click,0.8727
1842.65,1842.655,0.005,click,0.8053
1842.73,1842.745,0.015,water,0.6259
1842.83,1842.885,0.055,water,0.9024
1842.92,1842.93,0.01,water,0.8155
1842.95,1842.96,0.01,water,0.9621
1842.99,1843.0,0.01,water,0.961
1843.02,1843.025,0.005,click,0.7465
1845.01,1845.335,0.325,other,0.6157
1845.35,1845.38,0.03,water,0.9743
1845.41,1845.43,0.02,water,0.9812
1845.48,1845.505,0.025,water,0.952
1845.52,1845.535,0.015,water,0.8337
1845.56,1845.59,0.03,water,0.9865
1845.62,1845.64,0.02,water,0.8348
1845.66,1845.675,0.015,water,0.9903
1845.695,1845.82,0.125,other,0.538
1845.83,1845.915,0.085,vocal,0.4779
1845.94,1846.03,0.09,water,0.6047
1846.09,1846.17,0.08,water,0.6375
1846.19,1846.195,0.005,click,0.88
1846.205,1846.22,0.015,water,0.7333
1846.245,1846.255,0.01,water,0.6542
1846.265,1846.275,0.01,water,0.6912
1846.285,1846.495,0.21,other,0.6854
1846.51,1846.635,0.125,vocal,0.3177
1846.65,1846.82,0.17,water,0.5382
1846.835,1846.845,0.01,water,0.6018
1846.855,1847.025,0.17,water,0.5108
1847.035,1847.055,0.02,water,0.8274
1847.065,1847.135,0.07,water,0.8472
1847.145,1847.155,0.01,water,0.9286
1847.165,1847.215,0.05,water,0.9677
1847.27,1847.275,0.005,click,0.8027
1847.3,1847.32,0.02,water,0.9552
1847.335,1847.355,0.02,water,0.8581
1847.365,1847.38,0.015,water,0.8697
1847.39,1847.435,0.045,water,0.5576
1847.445,1847.45,0.005,click,0.856
1847.46,1847.52,0.06,vocal,0.8061
1847.53,1847.535,0.005,click,0.8751
1847.545,1847.55,0.005,click,0.8214
1847.57,1847.6,0.03,water,0.946
1847.615,1847.62,0.005,click,0.7757
1847.665,1847.67,0.005,click,0.7746
1847.735,1847.87,0.135,water,0.7081
1847.89,1847.915,0.025,water,0.856
1847.925,1847.93,0.005,click,0.8321
1848.01,1848.06,0.05,water,0.9635
1848.075,1848.08,0.005,click,0.8923
1848.135,1848.155,0.02,water,0.9316
1848.185,1848.275,0.09,vocal,0.5387
1848.285,1848.29,0.005,click,0.7819
1848.315,1848.32,0.005,click,0.7897
1848.345,1848.43,0.085,water,0.5875
1848.465,1848.47,0.005,click,0.8585
1848.545,1848.55,0.005,click,0.7597
1848.56,1848.895,0.335,other,0.7467
1848.905,1848.91,0.005,click,0.8101
1849.0,1849.035,0.035,water,0.9975
1849.08,1849.115,0.035,water,0.9748
1849.22,1849.235,0.015,water,0.8908
1849.27,1849.305,0.035,water,0.9915
1849.62,1849.655,0.035,water,0.9821
1849.665,1849.67,0.005,click,0.8765
1852.285,1852.29,0.005,click,0.6426
1929.01,1929.015,0.005,click,0.7555
2044.655,2044.665,0.01,water,0.9622
2058.855,2058.86,0.005,click,0.7612
2079.345,2079.35,0.005,click,0.8208
2098.575,2098.58,0.005,click,0.8382
2157.905,2157.91,0.005,click,0.8515
2295.82,2295.83,0.01,water,0.9089
2296.005,2296.01,0.005,click,0.8137
2383.355,2383.36,0.005,click,0.5326
2434.745,2434.75,0.005,click,0.7611
2442.075,2442.08,0.005,click,0.707
2457.04,2457.05,0.01,water,0.7255
2494.995,2495.0,0.005,click,0.7138
2532.385,2532.39,0.005,click,0.6248
2533.37,2533.375,0.005,click,0.8242
2542.89,2542.895,0.005,click,0.5748
