start_s,end_s,class,confidence
0.0,5.0,silence,0.7555
5.0,10.0,silence,0.5105
10.0,15.0,other,0.6588
15.0,20.0,silence,0.8237
20.0,25.0,other,0.5788
25.0,30.0,other,0.5425
30.0,35.0,other,0.6154
35.0,40.0,silence,0.6831
40.0,45.0,silence,0.532
45.0,50.0,silence,0.5235
50.0,55.0,other,0.7381
55.0,60.0,silence,0.5409
60.0,65.0,silence,0.6497
65.0,70.0,other,0.6858
70.0,75.0,other,0.5995
75.0,80.0,silence,0.4906
80.0,85.0,silence,0.7609
85.0,90.0,silence,0.5877
90.0,95.0,other,0.6981
95.0,100.0,other,0.6202
100.0,105.0,other,0.6289
105.0,110.0,silence,0.5117
110.0,115.0,silence,0.6241
115.0,120.0,silence,0.5755
120.0,125.0,silence,0.6601
125.0,130.0,other,0.5756
130.0,135.0,other,0.5543
135.0,140.0,silence,0.561
140.0,145.0,silence,0.5219
145.0,150.0,silence,0.5928
150.0,155.0,silence,0.5707
155.0,160.0,other,0.5474
160.0,165.0,silence,0.8076
165.0,170.0,silence,0.7447
170.0,175.0,silence,0.5408
175.0,180.0,silence,0.5061
180.0,185.0,silence,0.5281
185.0,190.0,silence,0.5164
190.0,195.0,silence,0.5359
195.0,200.0,silence,0.6018
200.0,205.0,silence,0.601
205.0,210.0,other,0.5547
210.0,215.0,silence,0.4985
215.0,220.0,other,0.4765
220.0,225.0,silence,0.6854
225.0,230.0,silence,0.578
230.0,235.0,other,0.5087
235.0,240.0,other,0.5783
240.0,245.0,silence,0.6084
245.0,250.0,silence,0.5649
250.0,255.0,silence,0.7796
255.0,260.0,silence,0.824
260.0,265.0,silence,0.6448
265.0,270.0,other,0.5471
270.0,275.0,silence,0.77
275.0,280.0,other,0.5039
280.0,285.0,silence,0.5041
285.0,290.0,silence,0.6934
290.0,295.0,silence,0.6057
295.0,300.0,silence,0.6319
300.0,305.0,other,0.5456
305.0,310.0,other,0.586
310.0,315.0,silence,0.6194
315.0,320.0,silence,0.6649
320.0,325.0,other,0.5993
325.0,330.0,silence,0.7897
330.0,335.0,other,0.6847
335.0,340.0,silence,0.5741
340.0,345.0,silence,0.7084
345.0,350.0,silence,0.7012
350.0,355.0,other,0.5495
355.0,360.0,silence,0.6942
360.0,365.0,silence,0.7985
365.0,370.0,silence,0.6731
370.0,375.0,silence,0.6441
375.0,380.0,silence,0.707
380.0,385.0,silence,0.7428
385.0,390.0,silence,0.5621
390.0,395.0,silence,0.8043
395.0,400.0,silence,0.7033
400.0,405.0,silence,0.7227
405.0,410.0,silence,0.6882
410.0,415.0,other,0.7122
415.0,420.0,other,0.639
420.0,425.0,silence,0.5841
425.0,430.0,silence,0.5309
430.0,435.0,silence,0.6286
435.0,440.0,other,0.5318
440.0,445.0,silence,0.5284
445.0,450.0,other,0.5347
450.0,455.0,silence,0.7053
455.0,460.0,other,0.6262
460.0,465.0,other,0.7098
465.0,470.0,other,0.5114
470.0,475.0,silence,0.6812
475.0,480.0,other,0.5515
480.0,485.0,silence,0.58
485.0,490.0,silence,0.6037
490.0,495.0,silence,0.7887
495.0,500.0,other,0.6032
500.0,505.0,silence,0.562
505.0,510.0,silence,0.7331
510.0,515.0,silence,0.6453
515.0,520.0,silence,0.682
520.0,525.0,other,0.6266
525.0,530.0,silence,0.5295
530.0,535.0,silence,0.7823
535.0,540.0,silence,0.6568
540.0,545.0,other,0.5377
545.0,550.0,other,0.6233
550.0,555.0,silence,0.692
555.0,560.0,silence,0.7304
560.0,565.0,other,0.5632
565.0,570.0,silence,0.5519
570.0,575.0,silence,0.6692
575.0,580.0,silence,0.6664
580.0,585.0,silence,0.8568
585.0,590.0,other,0.6745
590.0,595.0,silence,0.5363
595.0,600.0,other,0.5831
600.0,605.0,other,0.5147
605.0,610.0,silence,0.446
610.0,615.0,other,0.573
615.0,620.0,silence,0.5798
620.0,625.0,silence,0.863
625.0,630.0,other,0.6195
630.0,635.0,other,0.6718
635.0,640.0,other,0.5316
640.0,645.0,silence,0.5628
645.0,650.0,other,0.5049
650.0,655.0,silence,0.7029
655.0,660.0,other,0.6013
660.0,665.0,silence,0.6054
665.0,670.0,other,0.6897
670.0,675.0,silence,0.51
675.0,680.0,silence,0.7949
680.0,685.0,silence,0.6358
685.0,690.0,silence,0.7229
690.0,695.0,silence,0.6579
695.0,700.0,other,0.7234
700.0,705.0,silence,0.6826
705.0,710.0,silence,0.561
710.0,715.0,silence,0.8869
715.0,720.0,silence,0.681
720.0,725.0,other,0.4968
725.0,730.0,silence,0.6833
730.0,735.0,silence,0.6423
735.0,740.0,silence,0.5536
740.0,745.0,silence,0.6086
745.0,750.0,silence,0.5212
750.0,755.0,silence,0.8312
755.0,760.0,silence,0.5551
760.0,765.0,silence,0.5311
765.0,770.0,silence,0.6529
770.0,775.0,silence,0.7272
775.0,780.0,other,0.5488
780.0,785.0,silence,0.5602
785.0,790.0,silence,0.5799
790.0,795.0,other,0.5099
795.0,800.0,silence,0.6696
800.0,805.0,silence,0.6549
805.0,810.0,silence,0.5104
810.0,815.0,other,0.7185
815.0,820.0,silence,0.7746
820.0,825.0,silence,0.5842
825.0,830.0,other,0.8414
830.0,835.0,silence,0.6423
835.0,840.0,silence,0.6873
840.0,845.0,silence,0.5644
845.0,850.0,silence,0.5427
850.0,855.0,silence,0.5307
855.0,860.0,other,0.6596
860.0,865.0,silence,0.6019
865.0,870.0,other,0.5168
870.0,875.0,other,0.6073
875.0,880.0,silence,0.519
880.0,885.0,other,0.5969
885.0,890.0,other,0.5471
890.0,895.0,silence,0.6022
895.0,900.0,other,0.5114
900.0,905.0,silence,0.5016
905.0,910.0,silence,0.5694
910.0,915.0,silence,0.6902
915.0,920.0,silence,0.5613
920.0,925.0,silence,0.647
925.0,930.0,other,0.5899
930.0,935.0,other,0.5538
935.0,940.0,silence,0.6158
940.0,945.0,other,0.5103
945.0,950.0,other,0.6992
950.0,955.0,silence,0.569
955.0,960.0,silence,0.5945
960.0,965.0,silence,0.6323
965.0,970.0,silence,0.6574
970.0,975.0,other,0.6322
975.0,980.0,other,0.5224
980.0,985.0,silence,0.6153
985.0,990.0,silence,0.6267
990.0,995.0,silence,0.5017
995.0,1000.0,other,0.5035
1000.0,1005.0,other,0.5116
1005.0,1010.0,other,0.5768
1010.0,1015.0,other,0.505
1015.0,1020.0,silence,0.6365
1020.0,1025.0,silence,0.6523
1025.0,1030.0,silence,0.6453
1030.0,1035.0,silence,0.4983
1035.0,1040.0,silence,0.6427
1040.0,1045.0,silence,0.5992
1045.0,1050.0,other,0.7792
1050.0,1055.0,silence,0.7046
1055.0,1060.0,silence,0.5167
1060.0,1065.0,other,0.5722
1065.0,1070.0,silence,0.7029
1070.0,1075.0,silence,0.5914
1075.0,1080.0,silence,0.5127
1080.0,1085.0,other,0.73
1085.0,1090.0,other,0.6573
1090.0,1095.0,other,0.5038
1095.0,1100.0,silence,0.5873
1100.0,1105.0,silence,0.5844
1105.0,1110.0,silence,0.537
1110.0,1115.0,silence,0.6679
1115.0,1120.0,silence,0.5351
1120.0,1125.0,silence,0.6668
1125.0,1130.0,other,0.5094
1130.0,1135.0,silence,0.8013
1135.0,1140.0,silence,0.6229
1140.0,1145.0,silence,0.7066
1145.0,1150.0,other,0.5762
1150.0,1155.0,other,0.5889
1155.0,1160.0,silence,0.5207
1160.0,1165.0,silence,0.5689
1165.0,1170.0,silence,0.6581
1170.0,1175.0,silence,0.6217
1175.0,1180.0,silence,0.5051
1180.0,1185.0,silence,0.8208
1185.0,1190.0,silence,0.8243
1190.0,1195.0,other,0.4988
1195.0,1200.0,silence,0.5711
1200.0,1205.0,other,0.5781
1205.0,1210.0,other,0.7141
1210.0,1215.0,silence,0.7291
1215.0,1220.0,silence,0.5272
1220.0,1225.0,other,0.6483
1225.0,1230.0,other,0.5318
1230.0,1235.0,silence,0.5433
1235.0,1240.0,silence,0.7528
1240.0,1245.0,silence,0.6685
1245.0,1250.0,silence,0.6327
1250.0,1255.0,silence,0.53
1255.0,1260.0,other,0.5805
1260.0,1265.0,silence,0.4984
1265.0,1270.0,other,0.5431
1270.0,1275.0,silence,0.6264
1275.0,1280.0,silence,0.5954
1280.0,1285.0,silence,0.714
1285.0,1290.0,silence,0.7196
1290.0,1295.0,other,0.5652
1295.0,1300.0,other,0.5315
1300.0,1305.0,silence,0.6845
1305.0,1310.0,silence,0.7311
1310.0,1315.0,other,0.646
1315.0,1320.0,other,0.4769
1320.0,1325.0,silence,0.4989
1325.0,1330.0,silence,0.5384
1330.0,1335.0,other,0.5507
1335.0,1340.0,other,0.6839
1340.0,1345.0,other,0.5771
1345.0,1350.0,other,0.7576
1350.0,1355.0,other,0.5498
1355.0,1360.0,silence,0.6626
1360.0,1365.0,silence,0.6362
1365.0,1370.0,other,0.6506
1370.0,1375.0,other,0.7118
1375.0,1380.0,silence,0.7302
1380.0,1385.0,silence,0.5001
1385.0,1390.0,silence,0.6558
1390.0,1395.0,silence,0.5339
1395.0,1400.0,other,0.5438
1400.0,1405.0,silence,0.7589
1405.0,1410.0,silence,0.6528
1410.0,1415.0,other,0.5394
1415.0,1420.0,other,0.5014
1420.0,1425.0,other,0.5026
1425.0,1430.0,silence,0.7705
1430.0,1435.0,other,0.5573
1435.0,1440.0,silence,0.5294
1440.0,1445.0,other,0.5822
1445.0,1450.0,other,0.5752
1450.0,1455.0,other,0.5618
1455.0,1460.0,silence,0.5026
1460.0,1465.0,silence,0.5519
1465.0,1470.0,other,0.6375
1470.0,1475.0,silence,0.6118
1475.0,1480.0,silence,0.8256
1480.0,1485.0,silence,0.5934
1485.0,1490.0,silence,0.5999
1490.0,1495.0,other,0.6609
1495.0,1500.0,other,0.5011
1500.0,1505.0,silence,0.6135
1505.0,1510.0,other,0.5037
1510.0,1515.0,silence,0.5397
1515.0,1520.0,other,0.6881
1520.0,1525.0,other,0.6488
1525.0,1530.0,silence,0.506
1530.0,1535.0,silence,0.722
1535.0,1540.0,silence,0.6553
1540.0,1545.0,silence,0.6454
1545.0,1550.0,silence,0.7416
1550.0,1555.0,other,0.5596
1555.0,1560.0,other,0.5615
1560.0,1565.0,silence,0.6661
1565.0,1570.0,other,0.5115
1570.0,1575.0,silence,0.5917
1575.0,1580.0,silence,0.6671
1580.0,1585.0,other,0.6543
1585.0,1590.0,silence,0.5376
1590.0,1595.0,silence,0.5166
1595.0,1600.0,other,0.5118
1600.0,1605.0,silence,0.6462
1605.0,1610.0,silence,0.703
1610.0,1615.0,other,0.8448
1615.0,1620.0,silence,0.6751
1620.0,1625.0,other,0.569
1625.0,1630.0,silence,0.7465
1630.0,1635.0,silence,0.6689
1635.0,1640.0,other,0.5035
1640.0,1645.0,other,0.5162
1645.0,1650.0,silence,0.7223
1650.0,1655.0,silence,0.5598
1655.0,1660.0,silence,0.7463
1660.0,1665.0,other,0.5856
1665.0,1670.0,silence,0.6092
1670.0,1675.0,other,0.6103
1675.0,1680.0,other,0.7508
1680.0,1685.0,silence,0.661
1685.0,1690.0,other,0.6795
1690.0,1695.0,silence,0.5044
1695.0,1700.0,other,0.5408
1700.0,1705.0,other,0.6388
1705.0,1710.0,silence,0.5234
1710.0,1715.0,silence,0.6214
1715.0,1720.0,other,0.5151
1720.0,1725.0,silence,0.7468
1725.0,1730.0,silence,0.521
1730.0,1735.0,silence,0.5138
1735.0,1740.0,silence,0.6784
1740.0,1745.0,other,0.5779
1745.0,1750.0,silence,0.4949
1750.0,1755.0,other,0.6948
1755.0,1760.0,other,0.5282
1760.0,1765.0,silence,0.5633
1765.0,1770.0,silence,0.5803
1770.0,1775.0,silence,0.7984
1775.0,1780.0,other,0.5356
1780.0,1785.0,silence,0.551
1785.0,1790.0,silence,0.6716
1790.0,1795.0,silence,0.519
1795.0,1800.0,other,0.616
1800.0,1805.0,silence,0.5745
1805.0,1810.0,other,0.5286
1810.0,1815.0,silence,0.7412
1815.0,1820.0,other,0.5956
1820.0,1825.0,other,0.5471
1825.0,1830.0,other,0.7021
1830.0,1835.0,other,0.6908
1835.0,1840.0,other,0.4927
1840.0,1845.0,other,0.6063
1845.0,1850.0,other,0.6799
1850.0,1855.0,silence,0.5325
1855.0,1860.0,other,0.6112
1860.0,1865.0,silence,0.5089
1865.0,1870.0,other,0.6279
1870.0,1875.0,silence,0.8486
1875.0,1880.0,silence,0.7109
1880.0,1885.0,silence,0.6254
1885.0,1890.0,silence,0.5396
1890.0,1895.0,silence,0.6531
1895.0,1900.0,silence,0.5336
1900.0,1905.0,silence,0.5001
1905.0,1910.0,other,0.5625
1910.0,1915.0,other,0.696
1915.0,1920.0,other,0.5469
1920.0,1925.0,other,0.554
1925.0,1930.0,silence,0.5801
1930.0,1935.0,silence,0.6059
1935.0,1940.0,silence,0.5233
1940.0,1945.0,silence,0.6922
1945.0,1950.0,silence,0.6889
1950.0,1955.0,other,0.6403
1955.0,1960.0,silence,0.7114
1960.0,1965.0,other,0.6215
1965.0,1970.0,silence,0.6261
1970.0,1975.0,silence,0.5577
1975.0,1980.0,silence,0.6364
1980.0,1985.0,silence,0.6044
1985.0,1990.0,silence,0.717
1990.0,1995.0,silence,0.7423
1995.0,2000.0,silence,0.5226
2000.0,2005.0,silence,0.5556
2005.0,2010.0,other,0.5336
2010.0,2015.0,other,0.5508
2015.0,2020.0,silence,0.5757
2020.0,2025.0,silence,0.6118
2025.0,2030.0,silence,0.6782
2030.0,2035.0,silence,0.5994
2035.0,2040.0,other,0.592
2040.0,2045.0,other,0.6476
2045.0,2050.0,other,0.5786
2050.0,2055.0,silence,0.705
2055.0,2060.0,other,0.5357
2060.0,2065.0,other,0.6256
2065.0,2070.0,other,0.5101
2070.0,2075.0,other,0.5913
2075.0,2080.0,other,0.5444
2080.0,2085.0,silence,0.654
2085.0,2090.0,silence,0.6668
2090.0,2095.0,other,0.5174
2095.0,2100.0,silence,0.6468
2100.0,2105.0,other,0.5458
2105.0,2110.0,other,0.5711
2110.0,2115.0,silence,0.6822
2115.0,2120.0,other,0.6827
2120.0,2125.0,other,0.5468
2125.0,2130.0,silence,0.5012
2130.0,2135.0,other,0.595
2135.0,2140.0,silence,0.7378
2140.0,2145.0,silence,0.6756
2145.0,2150.0,other,0.4816
2150.0,2155.0,other,0.6587
2155.0,2160.0,other,0.506
2160.0,2165.0,silence,0.5403
2165.0,2170.0,silence,0.5666
2170.0,2175.0,silence,0.507
2175.0,2180.0,other,0.4959
2180.0,2185.0,other,0.5625
2185.0,2190.0,silence,0.6803
2190.0,2195.0,silence,0.6148
2195.0,2200.0,silence,0.525
2200.0,2205.0,silence,0.6145
2205.0,2210.0,silence,0.5037
2210.0,2215.0,silence,0.6382
2215.0,2220.0,other,0.4982
2220.0,2225.0,silence,0.7326
2225.0,2230.0,silence,0.7289
2230.0,2235.0,silence,0.5486
2235.0,2240.0,silence,0.6438
2240.0,2245.0,silence,0.5728
2245.0,2250.0,silence,0.623
2250.0,2255.0,silence,0.6947
2255.0,2260.0,silence,0.6092
2260.0,2265.0,other,0.5355
2265.0,2270.0,silence,0.5545
2270.0,2275.0,silence,0.511
2275.0,2280.0,other,0.6526
2280.0,2285.0,silence,0.7724
2285.0,2290.0,other,0.5692
2290.0,2295.0,silence,0.7172
2295.0,2300.0,other,0.4587
2300.0,2305.0,other,0.5781
2305.0,2310.0,silence,0.5083
2310.0,2315.0,other,0.6229
2315.0,2320.0,silence,0.5647
2320.0,2325.0,silence,0.5668
2325.0,2330.0,other,0.6685
2330.0,2335.0,other,0.6465
2335.0,2340.0,silence,0.5359
2340.0,2345.0,silence,0.4917
2345.0,2350.0,silence,0.533
2350.0,2355.0,silence,0.54
2355.0,2360.0,other,0.6807
2360.0,2365.0,other,0.5152
2365.0,2370.0,silence,0.7684
2370.0,2375.0,silence,0.4975
2375.0,2380.0,silence,0.5871
2380.0,2385.0,other,0.7236
2385.0,2390.0,silence,0.5847
2390.0,2395.0,silence,0.6336
2395.0,2400.0,silence,0.5921
2400.0,2405.0,other,0.5244
2405.0,2410.0,silence,0.5186
2410.0,2415.0,other,0.5766
2415.0,2420.0,other,0.465
2420.0,2425.0,silence,0.6619
2425.0,2430.0,silence,0.6835
2430.0,2435.0,silence,0.525
2435.0,2440.0,other,0.5407
2440.0,2445.0,other,0.5769
2445.0,2450.0,silence,0.8104
2450.0,2455.0,silence,0.5081
2455.0,2460.0,silence,0.572
2460.0,2465.0,silence,0.5213
2465.0,2470.0,silence,0.5227
2470.0,2475.0,silence,0.5111
2475.0,2480.0,silence,0.5379
2480.0,2485.0,silence,0.5648
2485.0,2490.0,silence,0.6565
2490.0,2495.0,other,0.4922
2495.0,2500.0,silence,0.5857
2500.0,2505.0,silence,0.5693
2505.0,2510.0,silence,0.7552
2510.0,2515.0,silence,0.4504
2515.0,2520.0,silence,0.5256
2520.0,2525.0,other,0.5441
2525.0,2530.0,silence,0.7709
2530.0,2535.0,other,0.5575
2535.0,2540.0,silence,0.7205
2540.0,2545.0,other,0.5418
2545.0,2550.0,silence,0.5576
2550.0,2555.0,other,0.5531
2555.0,2560.0,silence,0.5484
2560.0,2565.0,silence,0.5142
2565.0,2570.0,silence,0.6025
2570.0,2575.0,silence,0.5184
2575.0,2580.0,silence,0.6991
2580.0,2585.0,silence,0.7008
2585.0,2590.0,silence,0.7169
2590.0,2595.0,silence,0.7732
